key_id,year,tournament_name,stage_number,stage_name,group_name,position,team_id,team,team_code,played,wins,draws,losses,goals_for,goals_against,goal_difference,points,advanced,brazil,argentina,france,mexico,USA
1,1930,1930 FIFA Men's World Cup,1,group stage,Group 1,1,T-03,Argentina,ARG,3,3,0,0,10,4,6,6,TRUE,FALSE,TRUE,FALSE,FALSE,FALSE
2,1930,1930 FIFA Men's World Cup,1,group stage,Group 1,2,T-13,Chile,CHL,3,2,0,1,5,3,2,4,FALSE,FALSE,FALSE,FALSE,FALSE,FALSE
3,1930,1930 FIFA Men's World Cup,1,group stage,Group 1,3,T-30,France,FRA,3,1,0,2,4,3,1,2,FALSE,FALSE,FALSE,TRUE,FALSE,FALSE
4,1930,1930 FIFA Men's World Cup,1,group stage,Group 1,4,T-46,Mexico,MEX,3,0,0,3,4,13,-9,0,FALSE,FALSE,FALSE,FALSE,TRUE,FALSE
5,1930,1930 FIFA Men's World Cup,1,group stage,Group 2,1,T-87,Yugoslavia,YUG,2,2,0,0,6,1,5,4,TRUE,FALSE,FALSE,FALSE,FALSE,FALSE
6,1930,1930 FIFA Men's World Cup,1,group stage,Group 2,2,T-09,Brazil,BRA,2,1,0,1,5,2,3,2,FALSE,TRUE,FALSE,FALSE,FALSE,FALSE
7,1930,1930 FIFA Men's World Cup,1,group stage,Group 2,3,T-07,Bolivia,BOL,2,0,0,2,0,8,-8,0,FALSE,FALSE,FALSE,FALSE,FALSE,FALSE
8,1930,1930 FIFA Men's World Cup,1,group stage,Group 3,1,T-84,Uruguay,URY,2,2,0,0,5,0,5,4,TRUE,FALSE,FALSE,FALSE,FALSE,FALSE
9,1930,1930 FIFA Men's World Cup,1,group stage,Group 3,2,T-61,Romania,ROU,2,1,0,1,3,5,-2,2,FALSE,FALSE,FALSE,FALSE,FALSE,FALSE
10,1930,1930 FIFA Men's World Cup,1,group stage,Group 3,3,T-56,Peru,PER,2,0,0,2,1,4,-3,0,FALSE,FALSE,FALSE,FALSE,FALSE,FALSE
11,1930,1930 FIFA Men's World Cup,1,group stage,Group 4,1,T-83,United States,USA,2,2,0,0,6,0,6,4,TRUE,FALSE,FALSE,FALSE,FALSE,TRUE
12,1930,1930 FIFA Men's World Cup,1,group stage,Group 4,2,T-55,Paraguay,PRY,2,1,0,1,1,3,-2,2,FALSE,FALSE,FALSE,FALSE,FALSE,FALSE
13,1930,1930 FIFA Men's World Cup,1,group stage,Group 4,3,T-06,Belgium,BEL,2,0,0,2,0,4,-4,0,FALSE,FALSE,FALSE,FALSE,FALSE,FALSE
14,1950,1950 FIFA Men's World Cup,1,first round,Group 1,1,T-09,Brazil,BRA,3,2,1,0,8,2,6,5,TRUE,TRUE,FALSE,FALSE,FALSE,FALSE
15,1950,1950 FIFA Men's World Cup,1,first round,Group 1,2,T-87,Yugoslavia,YUG,3,2,0,1,7,3,4,4,FALSE,FALSE,FALSE,FALSE,FALSE,FALSE
16,1950,1950 FIFA Men's World Cup,1,first round,Group 1,3,T-75,Switzerland,CHE,3,1,1,1,4,6,-2,3,FALSE,FALSE,FALSE,FALSE,FALSE,FALSE
17,1950,1950 FIFA Men's World Cup,1,first round,Group 1,4,T-46,Mexico,MEX,3,0,0,3,2,10,-8,0,FALSE,FALSE,FALSE,FALSE,TRUE,FALSE
18,1950,1950 FIFA Men's World Cup,1,first round,Group 2,1,T-73,Spain,ESP,3,3,0,0,6,1,5,6,TRUE,FALSE,FALSE,FALSE,FALSE,FALSE
19,1950,1950 FIFA Men's World Cup,1,first round,Group 2,2,T-28,England,ENG,3,1,0,2,2,2,0,2,FALSE,FALSE,FALSE,FALSE,FALSE,FALSE
20,1950,1950 FIFA Men's World Cup,1,first round,Group 2,3,T-13,Chile,CHL,3,1,0,2,5,6,-1,2,FALSE,FALSE,FALSE,FALSE,FALSE,FALSE
21,1950,1950 FIFA Men's World Cup,1,first round,Group 2,4,T-83,United States,USA,3,1,0,2,4,8,-4,2,FALSE,FALSE,FALSE,FALSE,FALSE,TRUE
22,1950,1950 FIFA Men's World Cup,1,first round,Group 3,1,T-74,Sweden,SWE,2,1,1,0,5,4,1,3,TRUE,FALSE,FALSE,FALSE,FALSE,FALSE
23,1950,1950 FIFA Men's World Cup,1,first round,Group 3,2,T-41,Italy,ITA,2,1,0,1,4,3,1,2,FALSE,FALSE,FALSE,FALSE,FALSE,FALSE
24,1950,1950 FIFA Men's World Cup,1,first round,Group 3,3,T-55,Paraguay,PRY,2,0,1,1,2,4,-2,1,FALSE,FALSE,FALSE,FALSE,FALSE,FALSE
25,1950,1950 FIFA Men's World Cup,1,first round,Group 4,1,T-84,Uruguay,URY,1,1,0,0,8,0,8,2,TRUE,FALSE,FALSE,FALSE,FALSE,FALSE
26,1950,1950 FIFA Men's World Cup,1,first round,Group 4,2,T-07,Bolivia,BOL,1,0,0,1,0,8,-8,0,FALSE,FALSE,FALSE,FALSE,FALSE,FALSE
27,1950,1950 FIFA Men's World Cup,2,final round,Group 1,1,T-84,Uruguay,URY,3,2,1,0,7,5,2,5,TRUE,FALSE,FALSE,FALSE,FALSE,FALSE
28,1950,1950 FIFA Men's World Cup,2,final round,Group 1,2,T-09,Brazil,BRA,3,2,0,1,14,4,10,4,FALSE,TRUE,FALSE,FALSE,FALSE,FALSE
29,1950,1950 FIFA Men's World Cup,2,final round,Group 1,3,T-74,Sweden,SWE,3,1,0,2,6,11,-5,2,FALSE,FALSE,FALSE,FALSE,FALSE,FALSE
30,1950,1950 FIFA Men's World Cup,2,final round,Group 1,4,T-73,Spain,ESP,3,0,1,2,4,11,-7,1,FALSE,FALSE,FALSE,FALSE,FALSE,FALSE
31,1954,1954 FIFA Men's World Cup,1,group stage,Group 1,1,T-09,Brazil,BRA,2,1,1,0,6,1,5,3,TRUE,TRUE,FALSE,FALSE,FALSE,FALSE
32,1954,1954 FIFA Men's World Cup,1,group stage,Group 1,2,T-87,Yugoslavia,YUG,2,1,1,0,2,1,1,3,TRUE,FALSE,FALSE,FALSE,FALSE,FALSE
33,1954,1954 FIFA Men's World Cup,1,group stage,Group 1,3,T-30,France,FRA,2,1,0,1,3,3,0,2,FALSE,FALSE,FALSE,TRUE,FALSE,FALSE
34,1954,1954 FIFA Men's World Cup,1,group stage,Group 1,4,T-46,Mexico,MEX,2,0,0,2,2,8,-6,0,FALSE,FALSE,FALSE,FALSE,TRUE,FALSE
35,1954,1954 FIFA Men's World Cup,1,group stage,Group 2,1,T-36,Hungary,HUN,2,2,0,0,17,3,14,4,TRUE,FALSE,FALSE,FALSE,FALSE,FALSE
36,1954,1954 FIFA Men's World Cup,1,group stage,Group 2,2,T-86,West Germany,DEU,2,1,0,1,7,9,-2,2,TRUE,FALSE,FALSE,FALSE,FALSE,FALSE
37,1954,1954 FIFA Men's World Cup,1,group stage,Group 2,3,T-80,Turkey,TUR,2,1,0,1,8,4,4,2,FALSE,FALSE,FALSE,FALSE,FALSE,FALSE
38,1954,1954 FIFA Men's World Cup,1,group stage,Group 2,4,T-71,South Korea,KOR,2,0,0,2,0,16,-16,0,FALSE,FALSE,FALSE,FALSE,FALSE,FALSE
39,1954,1954 FIFA Men's World Cup,1,group stage,Group 3,1,T-84,Uruguay,URY,2,2,0,0,9,0,9,4,TRUE,FALSE,FALSE,FALSE,FALSE,FALSE
40,1954,1954 FIFA Men's World Cup,1,group stage,Group 3,2,T-05,Austria,AUT,2,2,0,0,6,0,6,4,TRUE,FALSE,FALSE,FALSE,FALSE,FALSE
41,1954,1954 FIFA Men's World Cup,1,group stage,Group 3,3,T-21,Czechoslovakia,CSK,2,0,0,2,0,7,-7,0,FALSE,FALSE,FALSE,FALSE,FALSE,FALSE
42,1954,1954 FIFA Men's World Cup,1,group stage,Group 3,4,T-64,Scotland,SCO,2,0,0,2,0,8,-8,0,FALSE,FALSE,FALSE,FALSE,FALSE,FALSE
43,1954,1954 FIFA Men's World Cup,1,group stage,Group 4,1,T-28,England,ENG,2,1,1,0,6,4,2,3,TRUE,FALSE,FALSE,FALSE,FALSE,FALSE
44,1954,1954 FIFA Men's World Cup,1,group stage,Group 4,2,T-75,Switzerland,CHE,2,1,0,1,2,3,-1,2,TRUE,FALSE,FALSE,FALSE,FALSE,FALSE
45,1954,1954 FIFA Men's World Cup,1,group stage,Group 4,3,T-41,Italy,ITA,2,1,0,1,5,3,2,2,FALSE,FALSE,FALSE,FALSE,FALSE,FALSE
46,1954,1954 FIFA Men's World Cup,1,group stage,Group 4,4,T-06,Belgium,BEL,2,0,1,1,5,8,-3,1,FALSE,FALSE,FALSE,FALSE,FALSE,FALSE
47,1958,1958 FIFA Men's World Cup,1,group stage,Group 1,1,T-86,West Germany,DEU,3,1,2,0,7,5,2,4,TRUE,FALSE,FALSE,FALSE,FALSE,FALSE
48,1958,1958 FIFA Men's World Cup,1,group stage,Group 1,2,T-52,Northern Ireland,NIR,3,1,1,1,4,5,-1,3,TRUE,FALSE,FALSE,FALSE,FALSE,FALSE
49,1958,1958 FIFA Men's World Cup,1,group stage,Group 1,3,T-21,Czechoslovakia,CSK,3,1,1,1,8,4,4,3,FALSE,FALSE,FALSE,FALSE,FALSE,FALSE
50,1958,1958 FIFA Men's World Cup,1,group stage,Group 1,4,T-03,Argentina,ARG,3,1,0,2,5,10,-5,2,FALSE,FALSE,TRUE,FALSE,FALSE,FALSE
51,1958,1958 FIFA Men's World Cup,1,group stage,Group 2,1,T-30,France,FRA,3,2,0,1,11,7,4,4,TRUE,FALSE,FALSE,TRUE,FALSE,FALSE
52,1958,1958 FIFA Men's World Cup,1,group stage,Group 2,2,T-87,Yugoslavia,YUG,3,1,2,0,7,6,1,4,TRUE,FALSE,FALSE,FALSE,FALSE,FALSE
53,1958,1958 FIFA Men's World Cup,1,group stage,Group 2,3,T-55,Paraguay,PRY,3,1,1,1,9,12,-3,3,FALSE,FALSE,FALSE,FALSE,FALSE,FALSE
54,1958,1958 FIFA Men's World Cup,1,group stage,Group 2,4,T-64,Scotland,SCO,3,0,1,2,4,6,-2,1,FALSE,FALSE,FALSE,FALSE,FALSE,FALSE
55,1958,1958 FIFA Men's World Cup,1,group stage,Group 3,1,T-74,Sweden,SWE,3,2,1,0,5,1,4,5,TRUE,FALSE,FALSE,FALSE,FALSE,FALSE
56,1958,1958 FIFA Men's World Cup,1,group stage,Group 3,2,T-85,Wales,WAL,3,0,3,0,2,2,0,3,TRUE,FALSE,FALSE,FALSE,FALSE,FALSE
57,1958,1958 FIFA Men's World Cup,1,group stage,Group 3,3,T-36,Hungary,HUN,3,1,1,1,6,3,3,3,FALSE,FALSE,FALSE,FALSE,FALSE,FALSE
58,1958,1958 FIFA Men's World Cup,1,group stage,Group 3,4,T-46,Mexico,MEX,3,0,1,2,1,8,-7,1,FALSE,FALSE,FALSE,FALSE,TRUE,FALSE
59,1958,1958 FIFA Men's World Cup,1,group stage,Group 4,1,T-09,Brazil,BRA,3,2,1,0,5,0,5,5,TRUE,TRUE,FALSE,FALSE,FALSE,FALSE
60,1958,1958 FIFA Men's World Cup,1,group stage,Group 4,2,T-72,Soviet Union,SUN,3,1,1,1,4,4,0,3,TRUE,FALSE,FALSE,FALSE,FALSE,FALSE
61,1958,1958 FIFA Men's World Cup,1,group stage,Group 4,3,T-28,England,ENG,3,0,3,0,4,4,0,3,FALSE,FALSE,FALSE,FALSE,FALSE,FALSE
62,1958,1958 FIFA Men's World Cup,1,group stage,Group 4,4,T-05,Austria,AUT,3,0,1,2,2,7,-5,1,FALSE,FALSE,FALSE,FALSE,FALSE,FALSE
63,1962,1962 FIFA Men's World Cup,1,group stage,Group 1,1,T-72,Soviet Union,SUN,3,2,1,0,8,5,3,5,TRUE,FALSE,FALSE,FALSE,FALSE,FALSE
64,1962,1962 FIFA Men's World Cup,1,group stage,Group 1,2,T-87,Yugoslavia,YUG,3,2,0,1,8,3,5,4,TRUE,FALSE,FALSE,FALSE,FALSE,FALSE
65,1962,1962 FIFA Men's World Cup,1,group stage,Group 1,3,T-84,Uruguay,URY,3,1,0,2,4,6,-2,2,FALSE,FALSE,FALSE,FALSE,FALSE,FALSE
66,1962,1962 FIFA Men's World Cup,1,group stage,Group 1,4,T-16,Colombia,COL,3,0,1,2,5,11,-6,1,FALSE,FALSE,FALSE,FALSE,FALSE,FALSE
67,1962,1962 FIFA Men's World Cup,1,group stage,Group 2,1,T-86,West Germany,DEU,3,2,1,0,4,1,3,5,TRUE,FALSE,FALSE,FALSE,FALSE,FALSE
68,1962,1962 FIFA Men's World Cup,1,group stage,Group 2,2,T-13,Chile,CHL,3,2,0,1,5,3,2,4,TRUE,FALSE,FALSE,FALSE,FALSE,FALSE
69,1962,1962 FIFA Men's World Cup,1,group stage,Group 2,3,T-41,Italy,ITA,3,1,1,1,3,2,1,3,FALSE,FALSE,FALSE,FALSE,FALSE,FALSE
70,1962,1962 FIFA Men's World Cup,1,group stage,Group 2,4,T-75,Switzerland,CHE,3,0,0,3,2,8,-6,0,FALSE,FALSE,FALSE,FALSE,FALSE,FALSE
71,1962,1962 FIFA Men's World Cup,1,group stage,Group 3,1,T-09,Brazil,BRA,3,2,1,0,4,1,3,5,TRUE,TRUE,FALSE,FALSE,FALSE,FALSE
72,1962,1962 FIFA Men's World Cup,1,group stage,Group 3,2,T-21,Czechoslovakia,CSK,3,1,1,1,2,3,-1,3,TRUE,FALSE,FALSE,FALSE,FALSE,FALSE
73,1962,1962 FIFA Men's World Cup,1,group stage,Group 3,3,T-46,Mexico,MEX,3,1,0,2,3,4,-1,2,FALSE,FALSE,FALSE,FALSE,TRUE,FALSE
74,1962,1962 FIFA Men's World Cup,1,group stage,Group 3,4,T-73,Spain,ESP,3,1,0,2,2,3,-1,2,FALSE,FALSE,FALSE,FALSE,FALSE,FALSE
75,1962,1962 FIFA Men's World Cup,1,group stage,Group 4,1,T-36,Hungary,HUN,3,2,1,0,8,2,6,5,TRUE,FALSE,FALSE,FALSE,FALSE,FALSE
76,1962,1962 FIFA Men's World Cup,1,group stage,Group 4,2,T-28,England,ENG,3,1,1,1,4,3,1,3,TRUE,FALSE,FALSE,FALSE,FALSE,FALSE
77,1962,1962 FIFA Men's World Cup,1,group stage,Group 4,3,T-03,Argentina,ARG,3,1,1,1,2,3,-1,3,FALSE,FALSE,TRUE,FALSE,FALSE,FALSE
78,1962,1962 FIFA Men's World Cup,1,group stage,Group 4,4,T-10,Bulgaria,BGR,3,0,1,2,1,7,-6,1,FALSE,FALSE,FALSE,FALSE,FALSE,FALSE
79,1966,1966 FIFA Men's World Cup,1,group stage,Group 1,1,T-28,England,ENG,3,2,1,0,4,0,4,5,TRUE,FALSE,FALSE,FALSE,FALSE,FALSE
80,1966,1966 FIFA Men's World Cup,1,group stage,Group 1,2,T-84,Uruguay,URY,3,1,2,0,2,1,1,4,TRUE,FALSE,FALSE,FALSE,FALSE,FALSE
81,1966,1966 FIFA Men's World Cup,1,group stage,Group 1,3,T-46,Mexico,MEX,3,0,2,1,1,3,-2,2,FALSE,FALSE,FALSE,FALSE,TRUE,FALSE
82,1966,1966 FIFA Men's World Cup,1,group stage,Group 1,4,T-30,France,FRA,3,0,1,2,2,5,-3,1,FALSE,FALSE,FALSE,TRUE,FALSE,FALSE
83,1966,1966 FIFA Men's World Cup,1,group stage,Group 2,1,T-86,West Germany,DEU,3,2,1,0,7,1,6,5,TRUE,FALSE,FALSE,FALSE,FALSE,FALSE
84,1966,1966 FIFA Men's World Cup,1,group stage,Group 2,2,T-03,Argentina,ARG,3,2,1,0,4,1,3,5,TRUE,FALSE,TRUE,FALSE,FALSE,FALSE
85,1966,1966 FIFA Men's World Cup,1,group stage,Group 2,3,T-73,Spain,ESP,3,1,0,2,4,5,-1,2,FALSE,FALSE,FALSE,FALSE,FALSE,FALSE
86,1966,1966 FIFA Men's World Cup,1,group stage,Group 2,4,T-75,Switzerland,CHE,3,0,0,3,1,9,-8,0,FALSE,FALSE,FALSE,FALSE,FALSE,FALSE
87,1966,1966 FIFA Men's World Cup,1,group stage,Group 3,1,T-58,Portugal,PRT,3,3,0,0,9,2,7,6,TRUE,FALSE,FALSE,FALSE,FALSE,FALSE
88,1966,1966 FIFA Men's World Cup,1,group stage,Group 3,2,T-36,Hungary,HUN,3,2,0,1,7,5,2,4,TRUE,FALSE,FALSE,FALSE,FALSE,FALSE
89,1966,1966 FIFA Men's World Cup,1,group stage,Group 3,3,T-09,Brazil,BRA,3,1,0,2,4,6,-2,2,FALSE,TRUE,FALSE,FALSE,FALSE,FALSE
90,1966,1966 FIFA Men's World Cup,1,group stage,Group 3,4,T-10,Bulgaria,BGR,3,0,0,3,1,8,-7,0,FALSE,FALSE,FALSE,FALSE,FALSE,FALSE
91,1966,1966 FIFA Men's World Cup,1,group stage,Group 4,1,T-72,Soviet Union,SUN,3,3,0,0,6,1,5,6,TRUE,FALSE,FALSE,FALSE,FALSE,FALSE
92,1966,1966 FIFA Men's World Cup,1,group stage,Group 4,2,T-51,North Korea,PRK,3,1,1,1,2,4,-2,3,TRUE,FALSE,FALSE,FALSE,FALSE,FALSE
93,1966,1966 FIFA Men's World Cup,1,group stage,Group 4,3,T-41,Italy,ITA,3,1,0,2,2,2,0,2,FALSE,FALSE,FALSE,FALSE,FALSE,FALSE
94,1966,1966 FIFA Men's World Cup,1,group stage,Group 4,4,T-13,Chile,CHL,3,0,1,2,2,5,-3,1,FALSE,FALSE,FALSE,FALSE,FALSE,FALSE
95,1970,1970 FIFA Men's World Cup,1,group stage,Group 1,1,T-72,Soviet Union,SUN,3,2,1,0,6,1,5,5,TRUE,FALSE,FALSE,FALSE,FALSE,FALSE
96,1970,1970 FIFA Men's World Cup,1,group stage,Group 1,2,T-46,Mexico,MEX,3,2,1,0,5,0,5,5,TRUE,FALSE,FALSE,FALSE,TRUE,FALSE
97,1970,1970 FIFA Men's World Cup,1,group stage,Group 1,3,T-06,Belgium,BEL,3,1,0,2,4,5,-1,2,FALSE,FALSE,FALSE,FALSE,FALSE,FALSE
98,1970,1970 FIFA Men's World Cup,1,group stage,Group 1,4,T-27,El Salvador,SLV,3,0,0,3,0,9,-9,0,FALSE,FALSE,FALSE,FALSE,FALSE,FALSE
99,1970,1970 FIFA Men's World Cup,1,group stage,Group 2,1,T-41,Italy,ITA,3,1,2,0,1,0,1,4,TRUE,FALSE,FALSE,FALSE,FALSE,FALSE
100,1970,1970 FIFA Men's World Cup,1,group stage,Group 2,2,T-84,Uruguay,URY,3,1,1,1,2,1,1,3,TRUE,FALSE,FALSE,FALSE,FALSE,FALSE
101,1970,1970 FIFA Men's World Cup,1,group stage,Group 2,3,T-74,Sweden,SWE,3,1,1,1,2,2,0,3,FALSE,FALSE,FALSE,FALSE,FALSE,FALSE
102,1970,1970 FIFA Men's World Cup,1,group stage,Group 2,4,T-40,Israel,ISR,3,0,2,1,1,3,-2,2,FALSE,FALSE,FALSE,FALSE,FALSE,FALSE
103,1970,1970 FIFA Men's World Cup,1,group stage,Group 3,1,T-09,Brazil,BRA,3,3,0,0,8,3,5,6,TRUE,TRUE,FALSE,FALSE,FALSE,FALSE
104,1970,1970 FIFA Men's World Cup,1,group stage,Group 3,2,T-28,England,ENG,3,2,0,1,2,1,1,4,TRUE,FALSE,FALSE,FALSE,FALSE,FALSE
105,1970,1970 FIFA Men's World Cup,1,group stage,Group 3,3,T-61,Romania,ROU,3,1,0,2,4,5,-1,2,FALSE,FALSE,FALSE,FALSE,FALSE,FALSE
106,1970,1970 FIFA Men's World Cup,1,group stage,Group 3,4,T-21,Czechoslovakia,CSK,3,0,0,3,2,7,-5,0,FALSE,FALSE,FALSE,FALSE,FALSE,FALSE
107,1970,1970 FIFA Men's World Cup,1,group stage,Group 4,1,T-86,West Germany,DEU,3,3,0,0,10,4,6,6,TRUE,FALSE,FALSE,FALSE,FALSE,FALSE
108,1970,1970 FIFA Men's World Cup,1,group stage,Group 4,2,T-56,Peru,PER,3,2,0,1,7,5,2,4,TRUE,FALSE,FALSE,FALSE,FALSE,FALSE
109,1970,1970 FIFA Men's World Cup,1,group stage,Group 4,3,T-10,Bulgaria,BGR,3,0,1,2,5,9,-4,1,FALSE,FALSE,FALSE,FALSE,FALSE,FALSE
110,1970,1970 FIFA Men's World Cup,1,group stage,Group 4,4,T-47,Morocco,MAR,3,0,1,2,2,6,-4,1,FALSE,FALSE,FALSE,FALSE,FALSE,FALSE
111,1974,1974 FIFA Men's World Cup,1,first group stage,Group 1,1,T-24,East Germany,DDR,3,2,1,0,4,1,3,5,TRUE,FALSE,FALSE,FALSE,FALSE,FALSE
112,1974,1974 FIFA Men's World Cup,1,first group stage,Group 1,2,T-86,West Germany,DEU,3,2,0,1,4,1,3,4,TRUE,FALSE,FALSE,FALSE,FALSE,FALSE
113,1974,1974 FIFA Men's World Cup,1,first group stage,Group 1,3,T-13,Chile,CHL,3,0,2,1,1,2,-1,2,FALSE,FALSE,FALSE,FALSE,FALSE,FALSE
114,1974,1974 FIFA Men's World Cup,1,first group stage,Group 1,4,T-04,Australia,AUS,3,0,1,2,0,5,-5,1,FALSE,FALSE,FALSE,FALSE,FALSE,FALSE
115,1974,1974 FIFA Men's World Cup,1,first group stage,Group 2,1,T-87,Yugoslavia,YUG,3,1,2,0,10,1,9,4,TRUE,FALSE,FALSE,FALSE,FALSE,FALSE
116,1974,1974 FIFA Men's World Cup,1,first group stage,Group 2,2,T-09,Brazil,BRA,3,1,2,0,3,0,3,4,TRUE,TRUE,FALSE,FALSE,FALSE,FALSE
117,1974,1974 FIFA Men's World Cup,1,first group stage,Group 2,3,T-64,Scotland,SCO,3,1,2,0,3,1,2,4,FALSE,FALSE,FALSE,FALSE,FALSE,FALSE
118,1974,1974 FIFA Men's World Cup,1,first group stage,Group 2,4,T-88,Zaire,COD,3,0,0,3,0,14,-14,0,FALSE,FALSE,FALSE,FALSE,FALSE,FALSE
119,1974,1974 FIFA Men's World Cup,1,first group stage,Group 3,1,T-48,Netherlands,NLD,3,2,1,0,6,1,5,5,TRUE,FALSE,FALSE,FALSE,FALSE,FALSE
120,1974,1974 FIFA Men's World Cup,1,first group stage,Group 3,2,T-74,Sweden,SWE,3,1,2,0,3,0,3,4,TRUE,FALSE,FALSE,FALSE,FALSE,FALSE
121,1974,1974 FIFA Men's World Cup,1,first group stage,Group 3,3,T-10,Bulgaria,BGR,3,0,2,1,2,5,-3,2,FALSE,FALSE,FALSE,FALSE,FALSE,FALSE
122,1974,1974 FIFA Men's World Cup,1,first group stage,Group 3,4,T-84,Uruguay,URY,3,0,1,2,1,6,-5,1,FALSE,FALSE,FALSE,FALSE,FALSE,FALSE
123,1974,1974 FIFA Men's World Cup,1,first group stage,Group 4,1,T-57,Poland,POL,3,3,0,0,12,3,9,6,TRUE,FALSE,FALSE,FALSE,FALSE,FALSE
124,1974,1974 FIFA Men's World Cup,1,first group stage,Group 4,2,T-03,Argentina,ARG,3,1,1,1,7,5,2,3,TRUE,FALSE,TRUE,FALSE,FALSE,FALSE
125,1974,1974 FIFA Men's World Cup,1,first group stage,Group 4,3,T-41,Italy,ITA,3,1,1,1,5,4,1,3,FALSE,FALSE,FALSE,FALSE,FALSE,FALSE
126,1974,1974 FIFA Men's World Cup,1,first group stage,Group 4,4,T-34,Haiti,HTI,3,0,0,3,2,14,-12,0,FALSE,FALSE,FALSE,FALSE,FALSE,FALSE
127,1974,1974 FIFA Men's World Cup,2,second group stage,Group A,1,T-48,Netherlands,NLD,3,3,0,0,8,0,8,6,TRUE,FALSE,FALSE,FALSE,FALSE,FALSE
128,1974,1974 FIFA Men's World Cup,2,second group stage,Group A,2,T-09,Brazil,BRA,3,2,0,1,3,3,0,4,TRUE,TRUE,FALSE,FALSE,FALSE,FALSE
129,1974,1974 FIFA Men's World Cup,2,second group stage,Group A,3,T-24,East Germany,DDR,3,0,1,2,1,4,-3,1,FALSE,FALSE,FALSE,FALSE,FALSE,FALSE
130,1974,1974 FIFA Men's World Cup,2,second group stage,Group A,4,T-03,Argentina,ARG,3,0,1,2,2,7,-5,1,FALSE,FALSE,TRUE,FALSE,FALSE,FALSE
131,1974,1974 FIFA Men's World Cup,2,second group stage,Group B,1,T-86,West Germany,DEU,3,3,0,0,7,2,5,6,TRUE,FALSE,FALSE,FALSE,FALSE,FALSE
132,1974,1974 FIFA Men's World Cup,2,second group stage,Group B,2,T-57,Poland,POL,3,2,0,1,3,2,1,4,TRUE,FALSE,FALSE,FALSE,FALSE,FALSE
133,1974,1974 FIFA Men's World Cup,2,second group stage,Group B,3,T-74,Sweden,SWE,3,1,0,2,4,6,-2,2,FALSE,FALSE,FALSE,FALSE,FALSE,FALSE
134,1974,1974 FIFA Men's World Cup,2,second group stage,Group B,4,T-87,Yugoslavia,YUG,3,0,0,3,2,6,-4,0,FALSE,FALSE,FALSE,FALSE,FALSE,FALSE
135,1978,1978 FIFA Men's World Cup,1,first group stage,Group 1,1,T-41,Italy,ITA,3,3,0,0,6,2,4,6,TRUE,FALSE,FALSE,FALSE,FALSE,FALSE
136,1978,1978 FIFA Men's World Cup,1,first group stage,Group 1,2,T-03,Argentina,ARG,3,2,0,1,4,3,1,4,TRUE,FALSE,TRUE,FALSE,FALSE,FALSE
137,1978,1978 FIFA Men's World Cup,1,first group stage,Group 1,3,T-30,France,FRA,3,1,0,2,5,5,0,2,FALSE,FALSE,FALSE,TRUE,FALSE,FALSE
138,1978,1978 FIFA Men's World Cup,1,first group stage,Group 1,4,T-36,Hungary,HUN,3,0,0,3,3,8,-5,0,FALSE,FALSE,FALSE,FALSE,FALSE,FALSE
139,1978,1978 FIFA Men's World Cup,1,first group stage,Group 2,1,T-57,Poland,POL,3,2,1,0,4,1,3,5,TRUE,FALSE,FALSE,FALSE,FALSE,FALSE
140,1978,1978 FIFA Men's World Cup,1,first group stage,Group 2,2,T-86,West Germany,DEU,3,1,2,0,6,0,6,4,TRUE,FALSE,FALSE,FALSE,FALSE,FALSE
141,1978,1978 FIFA Men's World Cup,1,first group stage,Group 2,3,T-79,Tunisia,TUN,3,1,1,1,3,2,1,3,FALSE,FALSE,FALSE,FALSE,FALSE,FALSE
142,1978,1978 FIFA Men's World Cup,1,first group stage,Group 2,4,T-46,Mexico,MEX,3,0,0,3,2,12,-10,0,FALSE,FALSE,FALSE,FALSE,TRUE,FALSE
143,1978,1978 FIFA Men's World Cup,1,first group stage,Group 3,1,T-05,Austria,AUT,3,2,0,1,3,2,1,4,TRUE,FALSE,FALSE,FALSE,FALSE,FALSE
144,1978,1978 FIFA Men's World Cup,1,first group stage,Group 3,2,T-09,Brazil,BRA,3,1,2,0,2,1,1,4,TRUE,TRUE,FALSE,FALSE,FALSE,FALSE
145,1978,1978 FIFA Men's World Cup,1,first group stage,Group 3,3,T-73,Spain,ESP,3,1,1,1,2,2,0,3,FALSE,FALSE,FALSE,FALSE,FALSE,FALSE
146,1978,1978 FIFA Men's World Cup,1,first group stage,Group 3,4,T-74,Sweden,SWE,3,0,1,2,1,3,-2,1,FALSE,FALSE,FALSE,FALSE,FALSE,FALSE
147,1978,1978 FIFA Men's World Cup,1,first group stage,Group 4,1,T-56,Peru,PER,3,2,1,0,7,2,5,5,TRUE,FALSE,FALSE,FALSE,FALSE,FALSE
148,1978,1978 FIFA Men's World Cup,1,first group stage,Group 4,2,T-48,Netherlands,NLD,3,1,1,1,5,3,2,3,TRUE,FALSE,FALSE,FALSE,FALSE,FALSE
149,1978,1978 FIFA Men's World Cup,1,first group stage,Group 4,3,T-64,Scotland,SCO,3,1,1,1,5,6,-1,3,FALSE,FALSE,FALSE,FALSE,FALSE,FALSE
150,1978,1978 FIFA Men's World Cup,1,first group stage,Group 4,4,T-38,Iran,IRN,3,0,1,2,2,8,-6,1,FALSE,FALSE,FALSE,FALSE,FALSE,FALSE
151,1978,1978 FIFA Men's World Cup,2,second group stage,Group A,1,T-48,Netherlands,NLD,3,2,1,0,9,4,5,5,TRUE,FALSE,FALSE,FALSE,FALSE,FALSE
152,1978,1978 FIFA Men's World Cup,2,second group stage,Group A,2,T-41,Italy,ITA,3,1,1,1,2,2,0,3,TRUE,FALSE,FALSE,FALSE,FALSE,FALSE
153,1978,1978 FIFA Men's World Cup,2,second group stage,Group A,3,T-86,West Germany,DEU,3,0,2,1,4,5,-1,2,FALSE,FALSE,FALSE,FALSE,FALSE,FALSE
154,1978,1978 FIFA Men's World Cup,2,second group stage,Group A,4,T-05,Austria,AUT,3,1,0,2,4,8,-4,2,FALSE,FALSE,FALSE,FALSE,FALSE,FALSE
155,1978,1978 FIFA Men's World Cup,2,second group stage,Group B,1,T-03,Argentina,ARG,3,2,1,0,8,0,8,5,TRUE,FALSE,TRUE,FALSE,FALSE,FALSE
156,1978,1978 FIFA Men's World Cup,2,second group stage,Group B,2,T-09,Brazil,BRA,3,2,1,0,6,1,5,5,TRUE,TRUE,FALSE,FALSE,FALSE,FALSE
157,1978,1978 FIFA Men's World Cup,2,second group stage,Group B,3,T-57,Poland,POL,3,1,0,2,2,5,-3,2,FALSE,FALSE,FALSE,FALSE,FALSE,FALSE
158,1978,1978 FIFA Men's World Cup,2,second group stage,Group B,4,T-56,Peru,PER,3,0,0,3,0,10,-10,0,FALSE,FALSE,FALSE,FALSE,FALSE,FALSE
159,1982,1982 FIFA Men's World Cup,1,first group stage,Group 1,1,T-57,Poland,POL,3,1,2,0,5,1,4,4,TRUE,FALSE,FALSE,FALSE,FALSE,FALSE
160,1982,1982 FIFA Men's World Cup,1,first group stage,Group 1,2,T-41,Italy,ITA,3,0,3,0,2,2,0,3,TRUE,FALSE,FALSE,FALSE,FALSE,FALSE
161,1982,1982 FIFA Men's World Cup,1,first group stage,Group 1,3,T-11,Cameroon,CMR,3,0,3,0,1,1,0,3,FALSE,FALSE,FALSE,FALSE,FALSE,FALSE
162,1982,1982 FIFA Men's World Cup,1,first group stage,Group 1,4,T-56,Peru,PER,3,0,2,1,2,6,-4,2,FALSE,FALSE,FALSE,FALSE,FALSE,FALSE
163,1982,1982 FIFA Men's World Cup,1,first group stage,Group 2,1,T-86,West Germany,DEU,3,2,0,1,6,3,3,4,TRUE,FALSE,FALSE,FALSE,FALSE,FALSE
164,1982,1982 FIFA Men's World Cup,1,first group stage,Group 2,2,T-05,Austria,AUT,3,2,0,1,3,1,2,4,TRUE,FALSE,FALSE,FALSE,FALSE,FALSE
165,1982,1982 FIFA Men's World Cup,1,first group stage,Group 2,3,T-01,Algeria,DZA,3,2,0,1,5,5,0,4,FALSE,FALSE,FALSE,FALSE,FALSE,FALSE
166,1982,1982 FIFA Men's World Cup,1,first group stage,Group 2,4,T-13,Chile,CHL,3,0,0,3,3,8,-5,0,FALSE,FALSE,FALSE,FALSE,FALSE,FALSE
167,1982,1982 FIFA Men's World Cup,1,first group stage,Group 3,1,T-06,Belgium,BEL,3,2,1,0,3,1,2,5,TRUE,FALSE,FALSE,FALSE,FALSE,FALSE
168,1982,1982 FIFA Men's World Cup,1,first group stage,Group 3,2,T-03,Argentina,ARG,3,2,0,1,6,2,4,4,TRUE,FALSE,TRUE,FALSE,FALSE,FALSE
169,1982,1982 FIFA Men's World Cup,1,first group stage,Group 3,3,T-36,Hungary,HUN,3,1,1,1,12,6,6,3,FALSE,FALSE,FALSE,FALSE,FALSE,FALSE
170,1982,1982 FIFA Men's World Cup,1,first group stage,Group 3,4,T-27,El Salvador,SLV,3,0,0,3,1,13,-12,0,FALSE,FALSE,FALSE,FALSE,FALSE,FALSE
171,1982,1982 FIFA Men's World Cup,1,first group stage,Group 4,1,T-28,England,ENG,3,3,0,0,6,1,5,6,TRUE,FALSE,FALSE,FALSE,FALSE,FALSE
172,1982,1982 FIFA Men's World Cup,1,first group stage,Group 4,2,T-30,France,FRA,3,1,1,1,6,5,1,3,TRUE,FALSE,FALSE,TRUE,FALSE,FALSE
173,1982,1982 FIFA Men's World Cup,1,first group stage,Group 4,3,T-21,Czechoslovakia,CSK,3,0,2,1,2,4,-2,2,FALSE,FALSE,FALSE,FALSE,FALSE,FALSE
174,1982,1982 FIFA Men's World Cup,1,first group stage,Group 4,4,T-45,Kuwait,KWT,3,0,1,2,2,6,-4,1,FALSE,FALSE,FALSE,FALSE,FALSE,FALSE
175,1982,1982 FIFA Men's World Cup,1,first group stage,Group 5,1,T-52,Northern Ireland,NIR,3,1,2,0,2,1,1,4,TRUE,FALSE,FALSE,FALSE,FALSE,FALSE
176,1982,1982 FIFA Men's World Cup,1,first group stage,Group 5,2,T-73,Spain,ESP,3,1,1,1,3,3,0,3,TRUE,FALSE,FALSE,FALSE,FALSE,FALSE
177,1982,1982 FIFA Men's World Cup,1,first group stage,Group 5,3,T-87,Yugoslavia,YUG,3,1,1,1,2,2,0,3,FALSE,FALSE,FALSE,FALSE,FALSE,FALSE
178,1982,1982 FIFA Men's World Cup,1,first group stage,Group 5,4,T-35,Honduras,HND,3,0,2,1,2,3,-1,2,FALSE,FALSE,FALSE,FALSE,FALSE,FALSE
179,1982,1982 FIFA Men's World Cup,1,first group stage,Group 6,1,T-09,Brazil,BRA,3,3,0,0,10,2,8,6,TRUE,TRUE,FALSE,FALSE,FALSE,FALSE
180,1982,1982 FIFA Men's World Cup,1,first group stage,Group 6,2,T-72,Soviet Union,SUN,3,1,1,1,6,4,2,3,TRUE,FALSE,FALSE,FALSE,FALSE,FALSE
181,1982,1982 FIFA Men's World Cup,1,first group stage,Group 6,3,T-64,Scotland,SCO,3,1,1,1,8,8,0,3,FALSE,FALSE,FALSE,FALSE,FALSE,FALSE
182,1982,1982 FIFA Men's World Cup,1,first group stage,Group 6,4,T-49,New Zealand,NZL,3,0,0,3,2,12,-10,0,FALSE,FALSE,FALSE,FALSE,FALSE,FALSE
183,1982,1982 FIFA Men's World Cup,2,second group stage,Group A,1,T-57,Poland,POL,2,1,1,0,3,0,3,3,TRUE,FALSE,FALSE,FALSE,FALSE,FALSE
184,1982,1982 FIFA Men's World Cup,2,second group stage,Group A,2,T-72,Soviet Union,SUN,2,1,1,0,1,0,1,3,FALSE,FALSE,FALSE,FALSE,FALSE,FALSE
185,1982,1982 FIFA Men's World Cup,2,second group stage,Group A,3,T-06,Belgium,BEL,2,0,0,2,0,4,-4,0,FALSE,FALSE,FALSE,FALSE,FALSE,FALSE
186,1982,1982 FIFA Men's World Cup,2,second group stage,Group B,1,T-86,West Germany,DEU,2,1,1,0,2,1,1,3,TRUE,FALSE,FALSE,FALSE,FALSE,FALSE
187,1982,1982 FIFA Men's World Cup,2,second group stage,Group B,2,T-28,England,ENG,2,0,2,0,0,0,0,2,FALSE,FALSE,FALSE,FALSE,FALSE,FALSE
188,1982,1982 FIFA Men's World Cup,2,second group stage,Group B,3,T-73,Spain,ESP,2,0,1,1,1,2,-1,1,FALSE,FALSE,FALSE,FALSE,FALSE,FALSE
189,1982,1982 FIFA Men's World Cup,2,second group stage,Group C,1,T-41,Italy,ITA,2,2,0,0,5,3,2,4,TRUE,FALSE,FALSE,FALSE,FALSE,FALSE
190,1982,1982 FIFA Men's World Cup,2,second group stage,Group C,2,T-09,Brazil,BRA,2,1,0,1,5,4,1,2,FALSE,TRUE,FALSE,FALSE,FALSE,FALSE
191,1982,1982 FIFA Men's World Cup,2,second group stage,Group C,3,T-03,Argentina,ARG,2,0,0,2,2,5,-3,0,FALSE,FALSE,TRUE,FALSE,FALSE,FALSE
192,1982,1982 FIFA Men's World Cup,2,second group stage,Group D,1,T-30,France,FRA,2,2,0,0,5,1,4,4,TRUE,FALSE,FALSE,TRUE,FALSE,FALSE
193,1982,1982 FIFA Men's World Cup,2,second group stage,Group D,2,T-05,Austria,AUT,2,0,1,1,2,3,-1,1,FALSE,FALSE,FALSE,FALSE,FALSE,FALSE
194,1982,1982 FIFA Men's World Cup,2,second group stage,Group D,3,T-52,Northern Ireland,NIR,2,0,1,1,3,6,-3,1,FALSE,FALSE,FALSE,FALSE,FALSE,FALSE
195,1986,1986 FIFA Men's World Cup,1,group stage,Group A,1,T-03,Argentina,ARG,3,2,1,0,6,2,4,5,TRUE,FALSE,TRUE,FALSE,FALSE,FALSE
196,1986,1986 FIFA Men's World Cup,1,group stage,Group A,2,T-41,Italy,ITA,3,1,2,0,5,4,1,4,TRUE,FALSE,FALSE,FALSE,FALSE,FALSE
197,1986,1986 FIFA Men's World Cup,1,group stage,Group A,3,T-10,Bulgaria,BGR,3,0,2,1,2,4,-2,2,TRUE,FALSE,FALSE,FALSE,FALSE,FALSE
198,1986,1986 FIFA Men's World Cup,1,group stage,Group A,4,T-71,South Korea,KOR,3,0,1,2,4,7,-3,1,FALSE,FALSE,FALSE,FALSE,FALSE,FALSE
199,1986,1986 FIFA Men's World Cup,1,group stage,Group B,1,T-46,Mexico,MEX,3,2,1,0,4,2,2,5,TRUE,FALSE,FALSE,FALSE,TRUE,FALSE
200,1986,1986 FIFA Men's World Cup,1,group stage,Group B,2,T-55,Paraguay,PRY,3,1,2,0,4,3,1,4,TRUE,FALSE,FALSE,FALSE,FALSE,FALSE
201,1986,1986 FIFA Men's World Cup,1,group stage,Group B,3,T-06,Belgium,BEL,3,1,1,1,5,5,0,3,TRUE,FALSE,FALSE,FALSE,FALSE,FALSE
202,1986,1986 FIFA Men's World Cup,1,group stage,Group B,4,T-39,Iraq,IRQ,3,0,0,3,1,4,-3,0,FALSE,FALSE,FALSE,FALSE,FALSE,FALSE
203,1986,1986 FIFA Men's World Cup,1,group stage,Group C,1,T-72,Soviet Union,SUN,3,2,1,0,9,1,8,5,TRUE,FALSE,FALSE,FALSE,FALSE,FALSE
204,1986,1986 FIFA Men's World Cup,1,group stage,Group C,2,T-30,France,FRA,3,2,1,0,5,1,4,5,TRUE,FALSE,FALSE,TRUE,FALSE,FALSE
205,1986,1986 FIFA Men's World Cup,1,group stage,Group C,3,T-36,Hungary,HUN,3,1,0,2,2,9,-7,2,FALSE,FALSE,FALSE,FALSE,FALSE,FALSE
206,1986,1986 FIFA Men's World Cup,1,group stage,Group C,4,T-12,Canada,CAN,3,0,0,3,0,5,-5,0,FALSE,FALSE,FALSE,FALSE,FALSE,FALSE
207,1986,1986 FIFA Men's World Cup,1,group stage,Group D,1,T-09,Brazil,BRA,3,3,0,0,5,0,5,6,TRUE,TRUE,FALSE,FALSE,FALSE,FALSE
208,1986,1986 FIFA Men's World Cup,1,group stage,Group D,2,T-73,Spain,ESP,3,2,0,1,5,2,3,4,TRUE,FALSE,FALSE,FALSE,FALSE,FALSE
209,1986,1986 FIFA Men's World Cup,1,group stage,Group D,3,T-52,Northern Ireland,NIR,3,0,1,2,2,6,-4,1,FALSE,FALSE,FALSE,FALSE,FALSE,FALSE
210,1986,1986 FIFA Men's World Cup,1,group stage,Group D,4,T-01,Algeria,DZA,3,0,1,2,1,5,-4,1,FALSE,FALSE,FALSE,FALSE,FALSE,FALSE
211,1986,1986 FIFA Men's World Cup,1,group stage,Group E,1,T-22,Denmark,DNK,3,3,0,0,9,1,8,6,TRUE,FALSE,FALSE,FALSE,FALSE,FALSE
212,1986,1986 FIFA Men's World Cup,1,group stage,Group E,2,T-86,West Germany,DEU,3,1,1,1,3,4,-1,3,TRUE,FALSE,FALSE,FALSE,FALSE,FALSE
213,1986,1986 FIFA Men's World Cup,1,group stage,Group E,3,T-84,Uruguay,URY,3,0,2,1,2,7,-5,2,TRUE,FALSE,FALSE,FALSE,FALSE,FALSE
214,1986,1986 FIFA Men's World Cup,1,group stage,Group E,4,T-64,Scotland,SCO,3,0,1,2,1,3,-2,1,FALSE,FALSE,FALSE,FALSE,FALSE,FALSE
215,1986,1986 FIFA Men's World Cup,1,group stage,Group F,1,T-47,Morocco,MAR,3,1,2,0,3,1,2,4,TRUE,FALSE,FALSE,FALSE,FALSE,FALSE
216,1986,1986 FIFA Men's World Cup,1,group stage,Group F,2,T-28,England,ENG,3,1,1,1,3,1,2,3,TRUE,FALSE,FALSE,FALSE,FALSE,FALSE
217,1986,1986 FIFA Men's World Cup,1,group stage,Group F,3,T-57,Poland,POL,3,1,1,1,1,3,-2,3,TRUE,FALSE,FALSE,FALSE,FALSE,FALSE
218,1986,1986 FIFA Men's World Cup,1,group stage,Group F,4,T-58,Portugal,PRT,3,1,0,2,2,4,-2,2,FALSE,FALSE,FALSE,FALSE,FALSE,FALSE
219,1990,1990 FIFA Men's World Cup,1,group stage,Group A,1,T-41,Italy,ITA,3,3,0,0,4,0,4,6,TRUE,FALSE,FALSE,FALSE,FALSE,FALSE
220,1990,1990 FIFA Men's World Cup,1,group stage,Group A,2,T-21,Czechoslovakia,CSK,3,2,0,1,6,3,3,4,TRUE,FALSE,FALSE,FALSE,FALSE,FALSE
221,1990,1990 FIFA Men's World Cup,1,group stage,Group A,3,T-05,Austria,AUT,3,1,0,2,2,3,-1,2,FALSE,FALSE,FALSE,FALSE,FALSE,FALSE
222,1990,1990 FIFA Men's World Cup,1,group stage,Group A,4,T-83,United States,USA,3,0,0,3,2,8,-6,0,FALSE,FALSE,FALSE,FALSE,FALSE,TRUE
223,1990,1990 FIFA Men's World Cup,1,group stage,Group B,1,T-11,Cameroon,CMR,3,2,0,1,3,5,-2,4,TRUE,FALSE,FALSE,FALSE,FALSE,FALSE
224,1990,1990 FIFA Men's World Cup,1,group stage,Group B,2,T-61,Romania,ROU,3,1,1,1,4,3,1,3,TRUE,FALSE,FALSE,FALSE,FALSE,FALSE
225,1990,1990 FIFA Men's World Cup,1,group stage,Group B,3,T-03,Argentina,ARG,3,1,1,1,3,2,1,3,TRUE,FALSE,TRUE,FALSE,FALSE,FALSE
226,1990,1990 FIFA Men's World Cup,1,group stage,Group B,4,T-72,Soviet Union,SUN,3,1,0,2,4,4,0,2,FALSE,FALSE,FALSE,FALSE,FALSE,FALSE
227,1990,1990 FIFA Men's World Cup,1,group stage,Group C,1,T-09,Brazil,BRA,3,3,0,0,4,1,3,6,TRUE,TRUE,FALSE,FALSE,FALSE,FALSE
228,1990,1990 FIFA Men's World Cup,1,group stage,Group C,2,T-17,Costa Rica,CRI,3,2,0,1,3,2,1,4,TRUE,FALSE,FALSE,FALSE,FALSE,FALSE
229,1990,1990 FIFA Men's World Cup,1,group stage,Group C,3,T-64,Scotland,SCO,3,1,0,2,2,3,-1,2,FALSE,FALSE,FALSE,FALSE,FALSE,FALSE
230,1990,1990 FIFA Men's World Cup,1,group stage,Group C,4,T-74,Sweden,SWE,3,0,0,3,3,6,-3,0,FALSE,FALSE,FALSE,FALSE,FALSE,FALSE
231,1990,1990 FIFA Men's World Cup,1,group stage,Group D,1,T-86,West Germany,DEU,3,2,1,0,10,3,7,5,TRUE,FALSE,FALSE,FALSE,FALSE,FALSE
232,1990,1990 FIFA Men's World Cup,1,group stage,Group D,2,T-87,Yugoslavia,YUG,3,2,0,1,6,5,1,4,TRUE,FALSE,FALSE,FALSE,FALSE,FALSE
233,1990,1990 FIFA Men's World Cup,1,group stage,Group D,3,T-16,Colombia,COL,3,1,1,1,3,2,1,3,TRUE,FALSE,FALSE,FALSE,FALSE,FALSE
234,1990,1990 FIFA Men's World Cup,1,group stage,Group D,4,T-82,United Arab Emirates,ARE,3,0,0,3,2,11,-9,0,FALSE,FALSE,FALSE,FALSE,FALSE,FALSE
235,1990,1990 FIFA Men's World Cup,1,group stage,Group E,1,T-73,Spain,ESP,3,2,1,0,5,2,3,5,TRUE,FALSE,FALSE,FALSE,FALSE,FALSE
236,1990,1990 FIFA Men's World Cup,1,group stage,Group E,2,T-06,Belgium,BEL,3,2,0,1,6,3,3,4,TRUE,FALSE,FALSE,FALSE,FALSE,FALSE
237,1990,1990 FIFA Men's World Cup,1,group stage,Group E,3,T-84,Uruguay,URY,3,1,1,1,2,3,-1,3,TRUE,FALSE,FALSE,FALSE,FALSE,FALSE
238,1990,1990 FIFA Men's World Cup,1,group stage,Group E,4,T-71,South Korea,KOR,3,0,0,3,1,6,-5,0,FALSE,FALSE,FALSE,FALSE,FALSE,FALSE
239,1990,1990 FIFA Men's World Cup,1,group stage,Group F,1,T-28,England,ENG,3,1,2,0,2,1,1,4,TRUE,FALSE,FALSE,FALSE,FALSE,FALSE
240,1990,1990 FIFA Men's World Cup,1,group stage,Group F,2,T-60,Republic of Ireland,IRL,3,0,3,0,2,2,0,3,TRUE,FALSE,FALSE,FALSE,FALSE,FALSE
241,1990,1990 FIFA Men's World Cup,1,group stage,Group F,3,T-48,Netherlands,NLD,3,0,3,0,2,2,0,3,TRUE,FALSE,FALSE,FALSE,FALSE,FALSE
242,1990,1990 FIFA Men's World Cup,1,group stage,Group F,4,T-26,Egypt,EGY,3,0,2,1,1,2,-1,2,FALSE,FALSE,FALSE,FALSE,FALSE,FALSE
243,1991,1991 FIFA Women's World Cup,1,group stage,Group A,1,T-14,China,CHN,3,2,1,0,10,3,7,5,TRUE,FALSE,FALSE,FALSE,FALSE,FALSE
244,1991,1991 FIFA Women's World Cup,1,group stage,Group A,2,T-53,Norway,NOR,3,2,0,1,6,5,1,4,TRUE,FALSE,FALSE,FALSE,FALSE,FALSE
245,1991,1991 FIFA Women's World Cup,1,group stage,Group A,3,T-22,Denmark,DNK,3,1,1,1,6,4,2,3,TRUE,FALSE,FALSE,FALSE,FALSE,FALSE
246,1991,1991 FIFA Women's World Cup,1,group stage,Group A,4,T-49,New Zealand,NZL,3,0,0,3,1,11,-10,0,FALSE,FALSE,FALSE,FALSE,FALSE,FALSE
247,1991,1991 FIFA Women's World Cup,1,group stage,Group B,1,T-83,United States,USA,3,3,0,0,11,2,9,6,TRUE,FALSE,FALSE,FALSE,FALSE,TRUE
248,1991,1991 FIFA Women's World Cup,1,group stage,Group B,2,T-74,Sweden,SWE,3,2,0,1,12,3,9,4,TRUE,FALSE,FALSE,FALSE,FALSE,FALSE
249,1991,1991 FIFA Women's World Cup,1,group stage,Group B,3,T-09,Brazil,BRA,3,1,0,2,1,7,-6,2,FALSE,TRUE,FALSE,FALSE,FALSE,FALSE
250,1991,1991 FIFA Women's World Cup,1,group stage,Group B,4,T-44,Japan,JPN,3,0,0,3,0,12,-12,0,FALSE,FALSE,FALSE,FALSE,FALSE,FALSE
251,1991,1991 FIFA Women's World Cup,1,group stage,Group C,1,T-31,Germany,DEU,3,3,0,0,9,0,9,6,TRUE,FALSE,FALSE,FALSE,FALSE,FALSE
252,1991,1991 FIFA Women's World Cup,1,group stage,Group C,2,T-41,Italy,ITA,3,2,0,1,6,2,4,4,TRUE,FALSE,FALSE,FALSE,FALSE,FALSE
253,1991,1991 FIFA Women's World Cup,1,group stage,Group C,3,T-15,Chinese Taipei,TWN,3,1,0,2,2,8,-6,2,TRUE,FALSE,FALSE,FALSE,FALSE,FALSE
254,1991,1991 FIFA Women's World Cup,1,group stage,Group C,4,T-50,Nigeria,NGA,3,0,0,3,0,7,-7,0,FALSE,FALSE,FALSE,FALSE,FALSE,FALSE
255,1994,1994 FIFA Men's World Cup,1,group stage,Group A,1,T-61,Romania,ROU,3,2,0,1,5,5,0,6,TRUE,FALSE,FALSE,FALSE,FALSE,FALSE
256,1994,1994 FIFA Men's World Cup,1,group stage,Group A,2,T-75,Switzerland,CHE,3,1,1,1,5,4,1,4,TRUE,FALSE,FALSE,FALSE,FALSE,FALSE
257,1994,1994 FIFA Men's World Cup,1,group stage,Group A,3,T-83,United States,USA,3,1,1,1,3,3,0,4,TRUE,FALSE,FALSE,FALSE,FALSE,TRUE
258,1994,1994 FIFA Men's World Cup,1,group stage,Group A,4,T-16,Colombia,COL,3,1,0,2,4,5,-1,3,FALSE,FALSE,FALSE,FALSE,FALSE,FALSE
259,1994,1994 FIFA Men's World Cup,1,group stage,Group B,1,T-09,Brazil,BRA,3,2,1,0,6,1,5,7,TRUE,TRUE,FALSE,FALSE,FALSE,FALSE
260,1994,1994 FIFA Men's World Cup,1,group stage,Group B,2,T-74,Sweden,SWE,3,1,2,0,6,4,2,5,TRUE,FALSE,FALSE,FALSE,FALSE,FALSE
261,1994,1994 FIFA Men's World Cup,1,group stage,Group B,3,T-62,Russia,RUS,3,1,0,2,7,6,1,3,FALSE,FALSE,FALSE,FALSE,FALSE,FALSE
262,1994,1994 FIFA Men's World Cup,1,group stage,Group B,4,T-11,Cameroon,CMR,3,0,1,2,3,11,-8,1,FALSE,FALSE,FALSE,FALSE,FALSE,FALSE
263,1994,1994 FIFA Men's World Cup,1,group stage,Group C,1,T-31,Germany,DEU,3,2,1,0,5,3,2,7,TRUE,FALSE,FALSE,FALSE,FALSE,FALSE
264,1994,1994 FIFA Men's World Cup,1,group stage,Group C,2,T-73,Spain,ESP,3,1,2,0,6,4,2,5,TRUE,FALSE,FALSE,FALSE,FALSE,FALSE
265,1994,1994 FIFA Men's World Cup,1,group stage,Group C,3,T-71,South Korea,KOR,3,0,2,1,4,5,-1,2,FALSE,FALSE,FALSE,FALSE,FALSE,FALSE
266,1994,1994 FIFA Men's World Cup,1,group stage,Group C,4,T-07,Bolivia,BOL,3,0,1,2,1,4,-3,1,FALSE,FALSE,FALSE,FALSE,FALSE,FALSE
267,1994,1994 FIFA Men's World Cup,1,group stage,Group D,1,T-50,Nigeria,NGA,3,2,0,1,6,2,4,6,TRUE,FALSE,FALSE,FALSE,FALSE,FALSE
268,1994,1994 FIFA Men's World Cup,1,group stage,Group D,2,T-10,Bulgaria,BGR,3,2,0,1,6,3,3,6,TRUE,FALSE,FALSE,FALSE,FALSE,FALSE
269,1994,1994 FIFA Men's World Cup,1,group stage,Group D,3,T-03,Argentina,ARG,3,2,0,1,6,3,3,6,TRUE,FALSE,TRUE,FALSE,FALSE,FALSE
270,1994,1994 FIFA Men's World Cup,1,group stage,Group D,4,T-33,Greece,GRC,3,0,0,3,0,10,-10,0,FALSE,FALSE,FALSE,FALSE,FALSE,FALSE
271,1994,1994 FIFA Men's World Cup,1,group stage,Group E,1,T-46,Mexico,MEX,3,1,1,1,3,3,0,4,TRUE,FALSE,FALSE,FALSE,TRUE,FALSE
272,1994,1994 FIFA Men's World Cup,1,group stage,Group E,2,T-60,Republic of Ireland,IRL,3,1,1,1,2,2,0,4,TRUE,FALSE,FALSE,FALSE,FALSE,FALSE
273,1994,1994 FIFA Men's World Cup,1,group stage,Group E,3,T-41,Italy,ITA,3,1,1,1,2,2,0,4,TRUE,FALSE,FALSE,FALSE,FALSE,FALSE
274,1994,1994 FIFA Men's World Cup,1,group stage,Group E,4,T-53,Norway,NOR,3,1,1,1,1,1,0,4,FALSE,FALSE,FALSE,FALSE,FALSE,FALSE
275,1994,1994 FIFA Men's World Cup,1,group stage,Group F,1,T-48,Netherlands,NLD,3,2,0,1,4,3,1,6,TRUE,FALSE,FALSE,FALSE,FALSE,FALSE
276,1994,1994 FIFA Men's World Cup,1,group stage,Group F,2,T-63,Saudi Arabia,SAU,3,2,0,1,4,3,1,6,TRUE,FALSE,FALSE,FALSE,FALSE,FALSE
277,1994,1994 FIFA Men's World Cup,1,group stage,Group F,3,T-06,Belgium,BEL,3,2,0,1,2,1,1,6,TRUE,FALSE,FALSE,FALSE,FALSE,FALSE
278,1994,1994 FIFA Men's World Cup,1,group stage,Group F,4,T-47,Morocco,MAR,3,0,0,3,2,5,-3,0,FALSE,FALSE,FALSE,FALSE,FALSE,FALSE
279,1995,1995 FIFA Women's World Cup,1,group stage,Group A,1,T-31,Germany,DEU,3,2,0,1,9,4,5,6,TRUE,FALSE,FALSE,FALSE,FALSE,FALSE
280,1995,1995 FIFA Women's World Cup,1,group stage,Group A,2,T-74,Sweden,SWE,3,2,0,1,5,3,2,6,TRUE,FALSE,FALSE,FALSE,FALSE,FALSE
281,1995,1995 FIFA Women's World Cup,1,group stage,Group A,3,T-44,Japan,JPN,3,1,0,2,2,4,-2,3,TRUE,FALSE,FALSE,FALSE,FALSE,FALSE
282,1995,1995 FIFA Women's World Cup,1,group stage,Group A,4,T-09,Brazil,BRA,3,1,0,2,3,8,-5,3,FALSE,TRUE,FALSE,FALSE,FALSE,FALSE
283,1995,1995 FIFA Women's World Cup,1,group stage,Group B,1,T-53,Norway,NOR,3,3,0,0,17,0,17,9,TRUE,FALSE,FALSE,FALSE,FALSE,FALSE
284,1995,1995 FIFA Women's World Cup,1,group stage,Group B,2,T-28,England,ENG,3,2,0,1,6,6,0,6,TRUE,FALSE,FALSE,FALSE,FALSE,FALSE
285,1995,1995 FIFA Women's World Cup,1,group stage,Group B,3,T-12,Canada,CAN,3,0,1,2,5,13,-8,1,FALSE,FALSE,FALSE,FALSE,FALSE,FALSE
286,1995,1995 FIFA Women's World Cup,1,group stage,Group B,4,T-50,Nigeria,NGA,3,0,1,2,5,14,-9,1,FALSE,FALSE,FALSE,FALSE,FALSE,FALSE
287,1995,1995 FIFA Women's World Cup,1,group stage,Group C,1,T-83,United States,USA,3,2,1,0,9,4,5,7,TRUE,FALSE,FALSE,FALSE,FALSE,TRUE
288,1995,1995 FIFA Women's World Cup,1,group stage,Group C,2,T-14,China,CHN,3,2,1,0,10,6,4,7,TRUE,FALSE,FALSE,FALSE,FALSE,FALSE
289,1995,1995 FIFA Women's World Cup,1,group stage,Group C,3,T-22,Denmark,DNK,3,1,0,2,6,5,1,3,TRUE,FALSE,FALSE,FALSE,FALSE,FALSE
290,1995,1995 FIFA Women's World Cup,1,group stage,Group C,4,T-04,Australia,AUS,3,0,0,3,3,13,-10,0,FALSE,FALSE,FALSE,FALSE,FALSE,FALSE
291,1998,1998 FIFA Men's World Cup,1,group stage,Group A,1,T-09,Brazil,BRA,3,2,0,1,6,3,3,6,TRUE,TRUE,FALSE,FALSE,FALSE,FALSE
292,1998,1998 FIFA Men's World Cup,1,group stage,Group A,2,T-53,Norway,NOR,3,1,2,0,5,4,1,5,TRUE,FALSE,FALSE,FALSE,FALSE,FALSE
293,1998,1998 FIFA Men's World Cup,1,group stage,Group A,3,T-47,Morocco,MAR,3,1,1,1,5,5,0,4,FALSE,FALSE,FALSE,FALSE,FALSE,FALSE
294,1998,1998 FIFA Men's World Cup,1,group stage,Group A,4,T-64,Scotland,SCO,3,0,1,2,2,6,-4,1,FALSE,FALSE,FALSE,FALSE,FALSE,FALSE
295,1998,1998 FIFA Men's World Cup,1,group stage,Group B,1,T-41,Italy,ITA,3,2,1,0,7,3,4,7,TRUE,FALSE,FALSE,FALSE,FALSE,FALSE
296,1998,1998 FIFA Men's World Cup,1,group stage,Group B,2,T-13,Chile,CHL,3,0,3,0,4,4,0,3,TRUE,FALSE,FALSE,FALSE,FALSE,FALSE
297,1998,1998 FIFA Men's World Cup,1,group stage,Group B,3,T-05,Austria,AUT,3,0,2,1,3,4,-1,2,FALSE,FALSE,FALSE,FALSE,FALSE,FALSE
298,1998,1998 FIFA Men's World Cup,1,group stage,Group B,4,T-11,Cameroon,CMR,3,0,2,1,2,5,-3,2,FALSE,FALSE,FALSE,FALSE,FALSE,FALSE
299,1998,1998 FIFA Men's World Cup,1,group stage,Group C,1,T-30,France,FRA,3,3,0,0,9,1,8,9,TRUE,FALSE,FALSE,TRUE,FALSE,FALSE
300,1998,1998 FIFA Men's World Cup,1,group stage,Group C,2,T-22,Denmark,DNK,3,1,1,1,3,3,0,4,TRUE,FALSE,FALSE,FALSE,FALSE,FALSE
301,1998,1998 FIFA Men's World Cup,1,group stage,Group C,3,T-70,South Africa,ZAF,3,0,2,1,3,6,-3,2,FALSE,FALSE,FALSE,FALSE,FALSE,FALSE
302,1998,1998 FIFA Men's World Cup,1,group stage,Group C,4,T-63,Saudi Arabia,SAU,3,0,1,2,2,7,-5,1,FALSE,FALSE,FALSE,FALSE,FALSE,FALSE
303,1998,1998 FIFA Men's World Cup,1,group stage,Group D,1,T-50,Nigeria,NGA,3,2,0,1,5,5,0,6,TRUE,FALSE,FALSE,FALSE,FALSE,FALSE
304,1998,1998 FIFA Men's World Cup,1,group stage,Group D,2,T-55,Paraguay,PRY,3,1,2,0,3,1,2,5,TRUE,FALSE,FALSE,FALSE,FALSE,FALSE
305,1998,1998 FIFA Men's World Cup,1,group stage,Group D,3,T-73,Spain,ESP,3,1,1,1,8,4,4,4,FALSE,FALSE,FALSE,FALSE,FALSE,FALSE
306,1998,1998 FIFA Men's World Cup,1,group stage,Group D,4,T-10,Bulgaria,BGR,3,0,1,2,1,7,-6,1,FALSE,FALSE,FALSE,FALSE,FALSE,FALSE
307,1998,1998 FIFA Men's World Cup,1,group stage,Group E,1,T-48,Netherlands,NLD,3,1,2,0,7,2,5,5,TRUE,FALSE,FALSE,FALSE,FALSE,FALSE
308,1998,1998 FIFA Men's World Cup,1,group stage,Group E,2,T-46,Mexico,MEX,3,1,2,0,7,5,2,5,TRUE,FALSE,FALSE,FALSE,TRUE,FALSE
309,1998,1998 FIFA Men's World Cup,1,group stage,Group E,3,T-06,Belgium,BEL,3,0,3,0,3,3,0,3,FALSE,FALSE,FALSE,FALSE,FALSE,FALSE
310,1998,1998 FIFA Men's World Cup,1,group stage,Group E,4,T-71,South Korea,KOR,3,0,1,2,2,9,-7,1,FALSE,FALSE,FALSE,FALSE,FALSE,FALSE
311,1998,1998 FIFA Men's World Cup,1,group stage,Group F,1,T-31,Germany,DEU,3,2,1,0,6,2,4,7,TRUE,FALSE,FALSE,FALSE,FALSE,FALSE
312,1998,1998 FIFA Men's World Cup,1,group stage,Group F,2,T-87,Yugoslavia,YUG,3,2,1,0,4,2,2,7,TRUE,FALSE,FALSE,FALSE,FALSE,FALSE
313,1998,1998 FIFA Men's World Cup,1,group stage,Group F,3,T-38,Iran,IRN,3,1,0,2,2,4,-2,3,FALSE,FALSE,FALSE,FALSE,FALSE,FALSE
314,1998,1998 FIFA Men's World Cup,1,group stage,Group F,4,T-83,United States,USA,3,0,0,3,1,5,-4,0,FALSE,FALSE,FALSE,FALSE,FALSE,TRUE
315,1998,1998 FIFA Men's World Cup,1,group stage,Group G,1,T-61,Romania,ROU,3,2,1,0,4,2,2,7,TRUE,FALSE,FALSE,FALSE,FALSE,FALSE
316,1998,1998 FIFA Men's World Cup,1,group stage,Group G,2,T-28,England,ENG,3,2,0,1,5,2,3,6,TRUE,FALSE,FALSE,FALSE,FALSE,FALSE
317,1998,1998 FIFA Men's World Cup,1,group stage,Group G,3,T-16,Colombia,COL,3,1,0,2,1,3,-2,3,FALSE,FALSE,FALSE,FALSE,FALSE,FALSE
318,1998,1998 FIFA Men's World Cup,1,group stage,Group G,4,T-79,Tunisia,TUN,3,0,1,2,1,4,-3,1,FALSE,FALSE,FALSE,FALSE,FALSE,FALSE
319,1998,1998 FIFA Men's World Cup,1,group stage,Group H,1,T-03,Argentina,ARG,3,3,0,0,7,0,7,9,TRUE,FALSE,TRUE,FALSE,FALSE,FALSE
320,1998,1998 FIFA Men's World Cup,1,group stage,Group H,2,T-18,Croatia,HRV,3,2,0,1,4,2,2,6,TRUE,FALSE,FALSE,FALSE,FALSE,FALSE
321,1998,1998 FIFA Men's World Cup,1,group stage,Group H,3,T-43,Jamaica,JAM,3,1,0,2,3,9,-6,3,FALSE,FALSE,FALSE,FALSE,FALSE,FALSE
322,1998,1998 FIFA Men's World Cup,1,group stage,Group H,4,T-44,Japan,JPN,3,0,0,3,1,4,-3,0,FALSE,FALSE,FALSE,FALSE,FALSE,FALSE
323,1999,1999 FIFA Women's World Cup,1,group stage,Group A,1,T-83,United States,USA,3,3,0,0,13,1,12,9,TRUE,FALSE,FALSE,FALSE,FALSE,TRUE
324,1999,1999 FIFA Women's World Cup,1,group stage,Group A,2,T-50,Nigeria,NGA,3,2,0,1,5,8,-3,6,TRUE,FALSE,FALSE,FALSE,FALSE,FALSE
325,1999,1999 FIFA Women's World Cup,1,group stage,Group A,3,T-51,North Korea,PRK,3,1,0,2,4,6,-2,3,FALSE,FALSE,FALSE,FALSE,FALSE,FALSE
326,1999,1999 FIFA Women's World Cup,1,group stage,Group A,4,T-22,Denmark,DNK,3,0,0,3,1,8,-7,0,FALSE,FALSE,FALSE,FALSE,FALSE,FALSE
327,1999,1999 FIFA Women's World Cup,1,group stage,Group B,1,T-09,Brazil,BRA,3,2,1,0,12,4,8,7,TRUE,TRUE,FALSE,FALSE,FALSE,FALSE
328,1999,1999 FIFA Women's World Cup,1,group stage,Group B,2,T-31,Germany,DEU,3,1,2,0,10,4,6,5,TRUE,FALSE,FALSE,FALSE,FALSE,FALSE
329,1999,1999 FIFA Women's World Cup,1,group stage,Group B,3,T-41,Italy,ITA,3,1,1,1,3,3,0,4,FALSE,FALSE,FALSE,FALSE,FALSE,FALSE
330,1999,1999 FIFA Women's World Cup,1,group stage,Group B,4,T-46,Mexico,MEX,3,0,0,3,1,15,-14,0,FALSE,FALSE,FALSE,FALSE,TRUE,FALSE
331,1999,1999 FIFA Women's World Cup,1,group stage,Group C,1,T-53,Norway,NOR,3,3,0,0,13,2,11,9,TRUE,FALSE,FALSE,FALSE,FALSE,FALSE
332,1999,1999 FIFA Women's World Cup,1,group stage,Group C,2,T-62,Russia,RUS,3,2,0,1,10,3,7,6,TRUE,FALSE,FALSE,FALSE,FALSE,FALSE
333,1999,1999 FIFA Women's World Cup,1,group stage,Group C,3,T-12,Canada,CAN,3,0,1,2,3,12,-9,1,FALSE,FALSE,FALSE,FALSE,FALSE,FALSE
334,1999,1999 FIFA Women's World Cup,1,group stage,Group C,4,T-44,Japan,JPN,3,0,1,2,1,10,-9,1,FALSE,FALSE,FALSE,FALSE,FALSE,FALSE
335,1999,1999 FIFA Women's World Cup,1,group stage,Group D,1,T-14,China,CHN,3,3,0,0,12,2,10,9,TRUE,FALSE,FALSE,FALSE,FALSE,FALSE
336,1999,1999 FIFA Women's World Cup,1,group stage,Group D,2,T-74,Sweden,SWE,3,2,0,1,6,3,3,6,TRUE,FALSE,FALSE,FALSE,FALSE,FALSE
337,1999,1999 FIFA Women's World Cup,1,group stage,Group D,3,T-04,Australia,AUS,3,0,1,2,3,7,-4,1,FALSE,FALSE,FALSE,FALSE,FALSE,FALSE
338,1999,1999 FIFA Women's World Cup,1,group stage,Group D,4,T-32,Ghana,GHA,3,0,1,2,1,10,-9,1,FALSE,FALSE,FALSE,FALSE,FALSE,FALSE
339,2002,2002 FIFA Men's World Cup,1,group stage,Group A,1,T-22,Denmark,DNK,3,2,1,0,5,2,3,7,TRUE,FALSE,FALSE,FALSE,FALSE,FALSE
340,2002,2002 FIFA Men's World Cup,1,group stage,Group A,2,T-65,Senegal,SEN,3,1,2,0,5,4,1,5,TRUE,FALSE,FALSE,FALSE,FALSE,FALSE
341,2002,2002 FIFA Men's World Cup,1,group stage,Group A,3,T-84,Uruguay,URY,3,0,2,1,4,5,-1,2,FALSE,FALSE,FALSE,FALSE,FALSE,FALSE
342,2002,2002 FIFA Men's World Cup,1,group stage,Group A,4,T-30,France,FRA,3,0,1,2,0,3,-3,1,FALSE,FALSE,FALSE,TRUE,FALSE,FALSE
343,2002,2002 FIFA Men's World Cup,1,group stage,Group B,1,T-73,Spain,ESP,3,3,0,0,9,4,5,9,TRUE,FALSE,FALSE,FALSE,FALSE,FALSE
344,2002,2002 FIFA Men's World Cup,1,group stage,Group B,2,T-55,Paraguay,PRY,3,1,1,1,6,6,0,4,TRUE,FALSE,FALSE,FALSE,FALSE,FALSE
345,2002,2002 FIFA Men's World Cup,1,group stage,Group B,3,T-70,South Africa,ZAF,3,1,1,1,5,5,0,4,FALSE,FALSE,FALSE,FALSE,FALSE,FALSE
346,2002,2002 FIFA Men's World Cup,1,group stage,Group B,4,T-69,Slovenia,SVN,3,0,0,3,2,7,-5,0,FALSE,FALSE,FALSE,FALSE,FALSE,FALSE
347,2002,2002 FIFA Men's World Cup,1,group stage,Group C,1,T-09,Brazil,BRA,3,3,0,0,11,3,8,9,TRUE,TRUE,FALSE,FALSE,FALSE,FALSE
348,2002,2002 FIFA Men's World Cup,1,group stage,Group C,2,T-80,Turkey,TUR,3,1,1,1,5,3,2,4,TRUE,FALSE,FALSE,FALSE,FALSE,FALSE
349,2002,2002 FIFA Men's World Cup,1,group stage,Group C,3,T-17,Costa Rica,CRI,3,1,1,1,5,6,-1,4,FALSE,FALSE,FALSE,FALSE,FALSE,FALSE
350,2002,2002 FIFA Men's World Cup,1,group stage,Group C,4,T-14,China,CHN,3,0,0,3,0,9,-9,0,FALSE,FALSE,FALSE,FALSE,FALSE,FALSE
351,2002,2002 FIFA Men's World Cup,1,group stage,Group D,1,T-71,South Korea,KOR,3,2,1,0,4,1,3,7,TRUE,FALSE,FALSE,FALSE,FALSE,FALSE
352,2002,2002 FIFA Men's World Cup,1,group stage,Group D,2,T-83,United States,USA,3,1,1,1,5,6,-1,4,TRUE,FALSE,FALSE,FALSE,FALSE,TRUE
353,2002,2002 FIFA Men's World Cup,1,group stage,Group D,3,T-58,Portugal,PRT,3,1,0,2,6,4,2,3,FALSE,FALSE,FALSE,FALSE,FALSE,FALSE
354,2002,2002 FIFA Men's World Cup,1,group stage,Group D,4,T-57,Poland,POL,3,1,0,2,3,7,-4,3,FALSE,FALSE,FALSE,FALSE,FALSE,FALSE
355,2002,2002 FIFA Men's World Cup,1,group stage,Group E,1,T-31,Germany,DEU,3,2,1,0,11,1,10,7,TRUE,FALSE,FALSE,FALSE,FALSE,FALSE
356,2002,2002 FIFA Men's World Cup,1,group stage,Group E,2,T-60,Republic of Ireland,IRL,3,1,2,0,5,2,3,5,TRUE,FALSE,FALSE,FALSE,FALSE,FALSE
357,2002,2002 FIFA Men's World Cup,1,group stage,Group E,3,T-11,Cameroon,CMR,3,1,1,1,2,3,-1,4,FALSE,FALSE,FALSE,FALSE,FALSE,FALSE
358,2002,2002 FIFA Men's World Cup,1,group stage,Group E,4,T-63,Saudi Arabia,SAU,3,0,0,3,0,12,-12,0,FALSE,FALSE,FALSE,FALSE,FALSE,FALSE
359,2002,2002 FIFA Men's World Cup,1,group stage,Group F,1,T-74,Sweden,SWE,3,1,2,0,4,3,1,5,TRUE,FALSE,FALSE,FALSE,FALSE,FALSE
360,2002,2002 FIFA Men's World Cup,1,group stage,Group F,2,T-28,England,ENG,3,1,2,0,2,1,1,5,TRUE,FALSE,FALSE,FALSE,FALSE,FALSE
361,2002,2002 FIFA Men's World Cup,1,group stage,Group F,3,T-03,Argentina,ARG,3,1,1,1,2,2,0,4,FALSE,FALSE,TRUE,FALSE,FALSE,FALSE
362,2002,2002 FIFA Men's World Cup,1,group stage,Group F,4,T-50,Nigeria,NGA,3,0,1,2,1,3,-2,1,FALSE,FALSE,FALSE,FALSE,FALSE,FALSE
363,2002,2002 FIFA Men's World Cup,1,group stage,Group G,1,T-46,Mexico,MEX,3,2,1,0,4,2,2,7,TRUE,FALSE,FALSE,FALSE,TRUE,FALSE
364,2002,2002 FIFA Men's World Cup,1,group stage,Group G,2,T-41,Italy,ITA,3,1,1,1,4,3,1,4,TRUE,FALSE,FALSE,FALSE,FALSE,FALSE
365,2002,2002 FIFA Men's World Cup,1,group stage,Group G,3,T-18,Croatia,HRV,3,1,0,2,2,3,-1,3,FALSE,FALSE,FALSE,FALSE,FALSE,FALSE
366,2002,2002 FIFA Men's World Cup,1,group stage,Group G,4,T-25,Ecuador,ECU,3,1,0,2,2,4,-2,3,FALSE,FALSE,FALSE,FALSE,FALSE,FALSE
367,2002,2002 FIFA Men's World Cup,1,group stage,Group H,1,T-44,Japan,JPN,3,2,1,0,5,2,3,7,TRUE,FALSE,FALSE,FALSE,FALSE,FALSE
368,2002,2002 FIFA Men's World Cup,1,group stage,Group H,2,T-06,Belgium,BEL,3,1,2,0,6,5,1,5,TRUE,FALSE,FALSE,FALSE,FALSE,FALSE
369,2002,2002 FIFA Men's World Cup,1,group stage,Group H,3,T-62,Russia,RUS,3,1,0,2,4,4,0,3,FALSE,FALSE,FALSE,FALSE,FALSE,FALSE
370,2002,2002 FIFA Men's World Cup,1,group stage,Group H,4,T-79,Tunisia,TUN,3,0,1,2,1,5,-4,1,FALSE,FALSE,FALSE,FALSE,FALSE,FALSE
371,2003,2003 FIFA Women's World Cup,1,group stage,Group A,1,T-83,United States,USA,3,3,0,0,11,1,10,9,TRUE,FALSE,FALSE,FALSE,FALSE,TRUE
372,2003,2003 FIFA Women's World Cup,1,group stage,Group A,2,T-74,Sweden,SWE,3,2,0,1,5,3,2,6,TRUE,FALSE,FALSE,FALSE,FALSE,FALSE
373,2003,2003 FIFA Women's World Cup,1,group stage,Group A,3,T-51,North Korea,PRK,3,1,0,2,3,4,-1,3,FALSE,FALSE,FALSE,FALSE,FALSE,FALSE
374,2003,2003 FIFA Women's World Cup,1,group stage,Group A,4,T-50,Nigeria,NGA,3,0,0,3,0,11,-11,0,FALSE,FALSE,FALSE,FALSE,FALSE,FALSE
375,2003,2003 FIFA Women's World Cup,1,group stage,Group B,1,T-09,Brazil,BRA,3,2,1,0,8,2,6,7,TRUE,TRUE,FALSE,FALSE,FALSE,FALSE
376,2003,2003 FIFA Women's World Cup,1,group stage,Group B,2,T-53,Norway,NOR,3,2,0,1,10,5,5,6,TRUE,FALSE,FALSE,FALSE,FALSE,FALSE
377,2003,2003 FIFA Women's World Cup,1,group stage,Group B,3,T-30,France,FRA,3,1,1,1,2,3,-1,4,FALSE,FALSE,FALSE,TRUE,FALSE,FALSE
378,2003,2003 FIFA Women's World Cup,1,group stage,Group B,4,T-71,South Korea,KOR,3,0,0,3,1,11,-10,0,FALSE,FALSE,FALSE,FALSE,FALSE,FALSE
379,2003,2003 FIFA Women's World Cup,1,group stage,Group C,1,T-31,Germany,DEU,3,3,0,0,13,2,11,9,TRUE,FALSE,FALSE,FALSE,FALSE,FALSE
380,2003,2003 FIFA Women's World Cup,1,group stage,Group C,2,T-12,Canada,CAN,3,2,0,1,7,5,2,6,TRUE,FALSE,FALSE,FALSE,FALSE,FALSE
381,2003,2003 FIFA Women's World Cup,1,group stage,Group C,3,T-44,Japan,JPN,3,1,0,2,7,6,1,3,FALSE,FALSE,FALSE,FALSE,FALSE,FALSE
382,2003,2003 FIFA Women's World Cup,1,group stage,Group C,4,T-03,Argentina,ARG,3,0,0,3,1,15,-14,0,FALSE,FALSE,TRUE,FALSE,FALSE,FALSE
383,2003,2003 FIFA Women's World Cup,1,group stage,Group D,1,T-14,China,CHN,3,2,1,0,3,1,2,7,TRUE,FALSE,FALSE,FALSE,FALSE,FALSE
384,2003,2003 FIFA Women's World Cup,1,group stage,Group D,2,T-62,Russia,RUS,3,2,0,1,5,2,3,6,TRUE,FALSE,FALSE,FALSE,FALSE,FALSE
385,2003,2003 FIFA Women's World Cup,1,group stage,Group D,3,T-32,Ghana,GHA,3,1,0,2,2,5,-3,3,FALSE,FALSE,FALSE,FALSE,FALSE,FALSE
386,2003,2003 FIFA Women's World Cup,1,group stage,Group D,4,T-04,Australia,AUS,3,0,1,2,3,5,-2,1,FALSE,FALSE,FALSE,FALSE,FALSE,FALSE
387,2006,2006 FIFA Men's World Cup,1,group stage,Group A,1,T-31,Germany,DEU,3,3,0,0,8,2,6,9,TRUE,FALSE,FALSE,FALSE,FALSE,FALSE
388,2006,2006 FIFA Men's World Cup,1,group stage,Group A,2,T-25,Ecuador,ECU,3,2,0,1,5,3,2,6,TRUE,FALSE,FALSE,FALSE,FALSE,FALSE
389,2006,2006 FIFA Men's World Cup,1,group stage,Group A,3,T-57,Poland,POL,3,1,0,2,2,4,-2,3,FALSE,FALSE,FALSE,FALSE,FALSE,FALSE
390,2006,2006 FIFA Men's World Cup,1,group stage,Group A,4,T-17,Costa Rica,CRI,3,0,0,3,3,9,-6,0,FALSE,FALSE,FALSE,FALSE,FALSE,FALSE
391,2006,2006 FIFA Men's World Cup,1,group stage,Group B,1,T-28,England,ENG,3,2,1,0,5,2,3,7,TRUE,FALSE,FALSE,FALSE,FALSE,FALSE
392,2006,2006 FIFA Men's World Cup,1,group stage,Group B,2,T-74,Sweden,SWE,3,1,2,0,3,2,1,5,TRUE,FALSE,FALSE,FALSE,FALSE,FALSE
393,2006,2006 FIFA Men's World Cup,1,group stage,Group B,3,T-55,Paraguay,PRY,3,1,0,2,2,2,0,3,FALSE,FALSE,FALSE,FALSE,FALSE,FALSE
394,2006,2006 FIFA Men's World Cup,1,group stage,Group B,4,T-78,Trinidad and Tobago,TTO,3,0,1,2,0,4,-4,1,FALSE,FALSE,FALSE,FALSE,FALSE,FALSE
395,2006,2006 FIFA Men's World Cup,1,group stage,Group C,1,T-03,Argentina,ARG,3,2,1,0,8,1,7,7,TRUE,FALSE,TRUE,FALSE,FALSE,FALSE
396,2006,2006 FIFA Men's World Cup,1,group stage,Group C,2,T-48,Netherlands,NLD,3,2,1,0,3,1,2,7,TRUE,FALSE,FALSE,FALSE,FALSE,FALSE
397,2006,2006 FIFA Men's World Cup,1,group stage,Group C,3,T-42,Ivory Coast,CIV,3,1,0,2,5,6,-1,3,FALSE,FALSE,FALSE,FALSE,FALSE,FALSE
398,2006,2006 FIFA Men's World Cup,1,group stage,Group C,4,T-67,Serbia and Montenegro,SCG,3,0,0,3,2,10,-8,0,FALSE,FALSE,FALSE,FALSE,FALSE,FALSE
399,2006,2006 FIFA Men's World Cup,1,group stage,Group D,1,T-58,Portugal,PRT,3,3,0,0,5,1,4,9,TRUE,FALSE,FALSE,FALSE,FALSE,FALSE
400,2006,2006 FIFA Men's World Cup,1,group stage,Group D,2,T-46,Mexico,MEX,3,1,1,1,4,3,1,4,TRUE,FALSE,FALSE,FALSE,TRUE,FALSE
401,2006,2006 FIFA Men's World Cup,1,group stage,Group D,3,T-02,Angola,AGO,3,0,2,1,1,2,-1,2,FALSE,FALSE,FALSE,FALSE,FALSE,FALSE
402,2006,2006 FIFA Men's World Cup,1,group stage,Group D,4,T-38,Iran,IRN,3,0,1,2,2,6,-4,1,FALSE,FALSE,FALSE,FALSE,FALSE,FALSE
403,2006,2006 FIFA Men's World Cup,1,group stage,Group E,1,T-41,Italy,ITA,3,2,1,0,5,1,4,7,TRUE,FALSE,FALSE,FALSE,FALSE,FALSE
404,2006,2006 FIFA Men's World Cup,1,group stage,Group E,2,T-32,Ghana,GHA,3,2,0,1,4,3,1,6,TRUE,FALSE,FALSE,FALSE,FALSE,FALSE
405,2006,2006 FIFA Men's World Cup,1,group stage,Group E,3,T-20,Czech Republic,CZE,3,1,0,2,3,4,-1,3,FALSE,FALSE,FALSE,FALSE,FALSE,FALSE
406,2006,2006 FIFA Men's World Cup,1,group stage,Group E,4,T-83,United States,USA,3,0,1,2,2,6,-4,1,FALSE,FALSE,FALSE,FALSE,FALSE,TRUE
407,2006,2006 FIFA Men's World Cup,1,group stage,Group F,1,T-09,Brazil,BRA,3,3,0,0,7,1,6,9,TRUE,TRUE,FALSE,FALSE,FALSE,FALSE
408,2006,2006 FIFA Men's World Cup,1,group stage,Group F,2,T-04,Australia,AUS,3,1,1,1,5,5,0,4,TRUE,FALSE,FALSE,FALSE,FALSE,FALSE
409,2006,2006 FIFA Men's World Cup,1,group stage,Group F,3,T-18,Croatia,HRV,3,0,2,1,2,3,-1,2,FALSE,FALSE,FALSE,FALSE,FALSE,FALSE
410,2006,2006 FIFA Men's World Cup,1,group stage,Group F,4,T-44,Japan,JPN,3,0,1,2,2,7,-5,1,FALSE,FALSE,FALSE,FALSE,FALSE,FALSE
411,2006,2006 FIFA Men's World Cup,1,group stage,Group G,1,T-75,Switzerland,CHE,3,2,1,0,4,0,4,7,TRUE,FALSE,FALSE,FALSE,FALSE,FALSE
412,2006,2006 FIFA Men's World Cup,1,group stage,Group G,2,T-30,France,FRA,3,1,2,0,3,1,2,5,TRUE,FALSE,FALSE,TRUE,FALSE,FALSE
413,2006,2006 FIFA Men's World Cup,1,group stage,Group G,3,T-71,South Korea,KOR,3,1,1,1,3,4,-1,4,FALSE,FALSE,FALSE,FALSE,FALSE,FALSE
414,2006,2006 FIFA Men's World Cup,1,group stage,Group G,4,T-77,Togo,TGO,3,0,0,3,1,6,-5,0,FALSE,FALSE,FALSE,FALSE,FALSE,FALSE
415,2006,2006 FIFA Men's World Cup,1,group stage,Group H,1,T-73,Spain,ESP,3,3,0,0,8,1,7,9,TRUE,FALSE,FALSE,FALSE,FALSE,FALSE
416,2006,2006 FIFA Men's World Cup,1,group stage,Group H,2,T-81,Ukraine,UKR,3,2,0,1,5,4,1,6,TRUE,FALSE,FALSE,FALSE,FALSE,FALSE
417,2006,2006 FIFA Men's World Cup,1,group stage,Group H,3,T-79,Tunisia,TUN,3,0,1,2,3,6,-3,1,FALSE,FALSE,FALSE,FALSE,FALSE,FALSE
418,2006,2006 FIFA Men's World Cup,1,group stage,Group H,4,T-63,Saudi Arabia,SAU,3,0,1,2,2,7,-5,1,FALSE,FALSE,FALSE,FALSE,FALSE,FALSE
419,2007,2007 FIFA Women's World Cup,1,group stage,Group A,1,T-31,Germany,DEU,3,2,1,0,13,0,13,7,TRUE,FALSE,FALSE,FALSE,FALSE,FALSE
420,2007,2007 FIFA Women's World Cup,1,group stage,Group A,2,T-28,England,ENG,3,1,2,0,8,3,5,5,TRUE,FALSE,FALSE,FALSE,FALSE,FALSE
421,2007,2007 FIFA Women's World Cup,1,group stage,Group A,3,T-44,Japan,JPN,3,1,1,1,3,4,-1,4,FALSE,FALSE,FALSE,FALSE,FALSE,FALSE
422,2007,2007 FIFA Women's World Cup,1,group stage,Group A,4,T-03,Argentina,ARG,3,0,0,3,1,18,-17,0,FALSE,FALSE,TRUE,FALSE,FALSE,FALSE
423,2007,2007 FIFA Women's World Cup,1,group stage,Group B,1,T-83,United States,USA,3,2,1,0,5,2,3,7,TRUE,FALSE,FALSE,FALSE,FALSE,TRUE
424,2007,2007 FIFA Women's World Cup,1,group stage,Group B,2,T-51,North Korea,PRK,3,1,1,1,5,4,1,4,TRUE,FALSE,FALSE,FALSE,FALSE,FALSE
425,2007,2007 FIFA Women's World Cup,1,group stage,Group B,3,T-74,Sweden,SWE,3,1,1,1,3,4,-1,4,FALSE,FALSE,FALSE,FALSE,FALSE,FALSE
426,2007,2007 FIFA Women's World Cup,1,group stage,Group B,4,T-50,Nigeria,NGA,3,0,1,2,1,4,-3,1,FALSE,FALSE,FALSE,FALSE,FALSE,FALSE
427,2007,2007 FIFA Women's World Cup,1,group stage,Group C,1,T-53,Norway,NOR,3,2,1,0,10,4,6,7,TRUE,FALSE,FALSE,FALSE,FALSE,FALSE
428,2007,2007 FIFA Women's World Cup,1,group stage,Group C,2,T-04,Australia,AUS,3,1,2,0,7,4,3,5,TRUE,FALSE,FALSE,FALSE,FALSE,FALSE
429,2007,2007 FIFA Women's World Cup,1,group stage,Group C,3,T-12,Canada,CAN,3,1,1,1,7,4,3,4,FALSE,FALSE,FALSE,FALSE,FALSE,FALSE
430,2007,2007 FIFA Women's World Cup,1,group stage,Group C,4,T-32,Ghana,GHA,3,0,0,3,3,15,-12,0,FALSE,FALSE,FALSE,FALSE,FALSE,FALSE
431,2007,2007 FIFA Women's World Cup,1,group stage,Group D,1,T-09,Brazil,BRA,3,3,0,0,10,0,10,9,TRUE,TRUE,FALSE,FALSE,FALSE,FALSE
432,2007,2007 FIFA Women's World Cup,1,group stage,Group D,2,T-14,China,CHN,3,2,0,1,5,6,-1,6,TRUE,FALSE,FALSE,FALSE,FALSE,FALSE
433,2007,2007 FIFA Women's World Cup,1,group stage,Group D,3,T-22,Denmark,DNK,3,1,0,2,4,4,0,3,FALSE,FALSE,FALSE,FALSE,FALSE,FALSE
434,2007,2007 FIFA Women's World Cup,1,group stage,Group D,4,T-49,New Zealand,NZL,3,0,0,3,0,9,-9,0,FALSE,FALSE,FALSE,FALSE,FALSE,FALSE
435,2010,2010 FIFA Men's World Cup,1,group stage,Group A,1,T-84,Uruguay,URY,3,2,1,0,4,0,4,7,TRUE,FALSE,FALSE,FALSE,FALSE,FALSE
436,2010,2010 FIFA Men's World Cup,1,group stage,Group A,2,T-46,Mexico,MEX,3,1,1,1,3,2,1,4,TRUE,FALSE,FALSE,FALSE,TRUE,FALSE
437,2010,2010 FIFA Men's World Cup,1,group stage,Group A,3,T-70,South Africa,ZAF,3,1,1,1,3,5,-2,4,FALSE,FALSE,FALSE,FALSE,FALSE,FALSE
438,2010,2010 FIFA Men's World Cup,1,group stage,Group A,4,T-30,France,FRA,3,0,1,2,1,4,-3,1,FALSE,FALSE,FALSE,TRUE,FALSE,FALSE
439,2010,2010 FIFA Men's World Cup,1,group stage,Group B,1,T-03,Argentina,ARG,3,3,0,0,7,1,6,9,TRUE,FALSE,TRUE,FALSE,FALSE,FALSE
440,2010,2010 FIFA Men's World Cup,1,group stage,Group B,2,T-71,South Korea,KOR,3,1,1,1,5,6,-1,4,TRUE,FALSE,FALSE,FALSE,FALSE,FALSE
441,2010,2010 FIFA Men's World Cup,1,group stage,Group B,3,T-33,Greece,GRC,3,1,0,2,2,5,-3,3,FALSE,FALSE,FALSE,FALSE,FALSE,FALSE
442,2010,2010 FIFA Men's World Cup,1,group stage,Group B,4,T-50,Nigeria,NGA,3,0,1,2,3,5,-2,1,FALSE,FALSE,FALSE,FALSE,FALSE,FALSE
443,2010,2010 FIFA Men's World Cup,1,group stage,Group C,1,T-83,United States,USA,3,1,2,0,4,3,1,5,TRUE,FALSE,FALSE,FALSE,FALSE,TRUE
444,2010,2010 FIFA Men's World Cup,1,group stage,Group C,2,T-28,England,ENG,3,1,2,0,2,1,1,5,TRUE,FALSE,FALSE,FALSE,FALSE,FALSE
445,2010,2010 FIFA Men's World Cup,1,group stage,Group C,3,T-69,Slovenia,SVN,3,1,1,1,3,3,0,4,FALSE,FALSE,FALSE,FALSE,FALSE,FALSE
446,2010,2010 FIFA Men's World Cup,1,group stage,Group C,4,T-01,Algeria,DZA,3,0,1,2,0,2,-2,1,FALSE,FALSE,FALSE,FALSE,FALSE,FALSE
447,2010,2010 FIFA Men's World Cup,1,group stage,Group D,1,T-31,Germany,DEU,3,2,0,1,5,1,4,6,TRUE,FALSE,FALSE,FALSE,FALSE,FALSE
448,2010,2010 FIFA Men's World Cup,1,group stage,Group D,2,T-32,Ghana,GHA,3,1,1,1,2,2,0,4,TRUE,FALSE,FALSE,FALSE,FALSE,FALSE
449,2010,2010 FIFA Men's World Cup,1,group stage,Group D,3,T-04,Australia,AUS,3,1,1,1,3,6,-3,4,FALSE,FALSE,FALSE,FALSE,FALSE,FALSE
450,2010,2010 FIFA Men's World Cup,1,group stage,Group D,4,T-66,Serbia,SRB,3,1,0,2,2,3,-1,3,FALSE,FALSE,FALSE,FALSE,FALSE,FALSE
451,2010,2010 FIFA Men's World Cup,1,group stage,Group E,1,T-48,Netherlands,NLD,3,3,0,0,5,1,4,9,TRUE,FALSE,FALSE,FALSE,FALSE,FALSE
452,2010,2010 FIFA Men's World Cup,1,group stage,Group E,2,T-44,Japan,JPN,3,2,0,1,4,2,2,6,TRUE,FALSE,FALSE,FALSE,FALSE,FALSE
453,2010,2010 FIFA Men's World Cup,1,group stage,Group E,3,T-22,Denmark,DNK,3,1,0,2,3,6,-3,3,FALSE,FALSE,FALSE,FALSE,FALSE,FALSE
454,2010,2010 FIFA Men's World Cup,1,group stage,Group E,4,T-11,Cameroon,CMR,3,0,0,3,2,5,-3,0,FALSE,FALSE,FALSE,FALSE,FALSE,FALSE
455,2010,2010 FIFA Men's World Cup,1,group stage,Group F,1,T-55,Paraguay,PRY,3,1,2,0,3,1,2,5,TRUE,FALSE,FALSE,FALSE,FALSE,FALSE
456,2010,2010 FIFA Men's World Cup,1,group stage,Group F,2,T-68,Slovakia,SVK,3,1,1,1,4,5,-1,4,TRUE,FALSE,FALSE,FALSE,FALSE,FALSE
457,2010,2010 FIFA Men's World Cup,1,group stage,Group F,3,T-49,New Zealand,NZL,3,0,3,0,2,2,0,3,FALSE,FALSE,FALSE,FALSE,FALSE,FALSE
458,2010,2010 FIFA Men's World Cup,1,group stage,Group F,4,T-41,Italy,ITA,3,0,2,1,4,5,-1,2,FALSE,FALSE,FALSE,FALSE,FALSE,FALSE
459,2010,2010 FIFA Men's World Cup,1,group stage,Group G,1,T-09,Brazil,BRA,3,2,1,0,5,2,3,7,TRUE,TRUE,FALSE,FALSE,FALSE,FALSE
460,2010,2010 FIFA Men's World Cup,1,group stage,Group G,2,T-58,Portugal,PRT,3,1,2,0,7,0,7,5,TRUE,FALSE,FALSE,FALSE,FALSE,FALSE
461,2010,2010 FIFA Men's World Cup,1,group stage,Group G,3,T-42,Ivory Coast,CIV,3,1,1,1,4,3,1,4,FALSE,FALSE,FALSE,FALSE,FALSE,FALSE
462,2010,2010 FIFA Men's World Cup,1,group stage,Group G,4,T-51,North Korea,PRK,3,0,0,3,1,12,-11,0,FALSE,FALSE,FALSE,FALSE,FALSE,FALSE
463,2010,2010 FIFA Men's World Cup,1,group stage,Group H,1,T-73,Spain,ESP,3,2,0,1,4,2,2,6,TRUE,FALSE,FALSE,FALSE,FALSE,FALSE
464,2010,2010 FIFA Men's World Cup,1,group stage,Group H,2,T-13,Chile,CHL,3,2,0,1,3,2,1,6,TRUE,FALSE,FALSE,FALSE,FALSE,FALSE
465,2010,2010 FIFA Men's World Cup,1,group stage,Group H,3,T-75,Switzerland,CHE,3,1,1,1,1,1,0,4,FALSE,FALSE,FALSE,FALSE,FALSE,FALSE
466,2010,2010 FIFA Men's World Cup,1,group stage,Group H,4,T-35,Honduras,HND,3,0,1,2,0,3,-3,1,FALSE,FALSE,FALSE,FALSE,FALSE,FALSE
467,2011,2011 FIFA Women's World Cup,1,group stage,Group A,1,T-31,Germany,DEU,3,3,0,0,7,3,4,9,TRUE,FALSE,FALSE,FALSE,FALSE,FALSE
468,2011,2011 FIFA Women's World Cup,1,group stage,Group A,2,T-30,France,FRA,3,2,0,1,7,4,3,6,TRUE,FALSE,FALSE,TRUE,FALSE,FALSE
469,2011,2011 FIFA Women's World Cup,1,group stage,Group A,3,T-50,Nigeria,NGA,3,1,0,2,1,2,-1,3,FALSE,FALSE,FALSE,FALSE,FALSE,FALSE
470,2011,2011 FIFA Women's World Cup,1,group stage,Group A,4,T-12,Canada,CAN,3,0,0,3,1,7,-6,0,FALSE,FALSE,FALSE,FALSE,FALSE,FALSE
471,2011,2011 FIFA Women's World Cup,1,group stage,Group B,1,T-28,England,ENG,3,2,1,0,5,2,3,7,TRUE,FALSE,FALSE,FALSE,FALSE,FALSE
472,2011,2011 FIFA Women's World Cup,1,group stage,Group B,2,T-44,Japan,JPN,3,2,0,1,6,3,3,6,TRUE,FALSE,FALSE,FALSE,FALSE,FALSE
473,2011,2011 FIFA Women's World Cup,1,group stage,Group B,3,T-46,Mexico,MEX,3,0,2,1,3,7,-4,2,FALSE,FALSE,FALSE,FALSE,TRUE,FALSE
474,2011,2011 FIFA Women's World Cup,1,group stage,Group B,4,T-49,New Zealand,NZL,3,0,1,2,4,6,-2,1,FALSE,FALSE,FALSE,FALSE,FALSE,FALSE
475,2011,2011 FIFA Women's World Cup,1,group stage,Group C,1,T-74,Sweden,SWE,3,3,0,0,4,1,3,9,TRUE,FALSE,FALSE,FALSE,FALSE,FALSE
476,2011,2011 FIFA Women's World Cup,1,group stage,Group C,2,T-83,United States,USA,3,2,0,1,6,2,4,6,TRUE,FALSE,FALSE,FALSE,FALSE,TRUE
477,2011,2011 FIFA Women's World Cup,1,group stage,Group C,3,T-51,North Korea,PRK,3,0,1,2,0,3,-3,1,FALSE,FALSE,FALSE,FALSE,FALSE,FALSE
478,2011,2011 FIFA Women's World Cup,1,group stage,Group C,4,T-16,Colombia,COL,3,0,1,2,0,4,-4,1,FALSE,FALSE,FALSE,FALSE,FALSE,FALSE
479,2011,2011 FIFA Women's World Cup,1,group stage,Group D,1,T-09,Brazil,BRA,3,3,0,0,7,0,7,9,TRUE,TRUE,FALSE,FALSE,FALSE,FALSE
480,2011,2011 FIFA Women's World Cup,1,group stage,Group D,2,T-04,Australia,AUS,3,2,0,1,5,4,1,6,TRUE,FALSE,FALSE,FALSE,FALSE,FALSE
481,2011,2011 FIFA Women's World Cup,1,group stage,Group D,3,T-53,Norway,NOR,3,1,0,2,2,5,-3,3,FALSE,FALSE,FALSE,FALSE,FALSE,FALSE
482,2011,2011 FIFA Women's World Cup,1,group stage,Group D,4,T-29,Equatorial Guinea,GNQ,3,0,0,3,2,7,-5,0,FALSE,FALSE,FALSE,FALSE,FALSE,FALSE
483,2014,2014 FIFA Men's World Cup,1,group stage,Group A,1,T-09,Brazil,BRA,3,2,1,0,7,2,5,7,TRUE,TRUE,FALSE,FALSE,FALSE,FALSE
484,2014,2014 FIFA Men's World Cup,1,group stage,Group A,2,T-46,Mexico,MEX,3,2,1,0,4,1,3,7,TRUE,FALSE,FALSE,FALSE,TRUE,FALSE
485,2014,2014 FIFA Men's World Cup,1,group stage,Group A,3,T-18,Croatia,HRV,3,1,0,2,6,6,0,3,FALSE,FALSE,FALSE,FALSE,FALSE,FALSE
486,2014,2014 FIFA Men's World Cup,1,group stage,Group A,4,T-11,Cameroon,CMR,3,0,0,3,1,9,-8,0,FALSE,FALSE,FALSE,FALSE,FALSE,FALSE
487,2014,2014 FIFA Men's World Cup,1,group stage,Group B,1,T-48,Netherlands,NLD,3,3,0,0,10,3,7,9,TRUE,FALSE,FALSE,FALSE,FALSE,FALSE
488,2014,2014 FIFA Men's World Cup,1,group stage,Group B,2,T-13,Chile,CHL,3,2,0,1,5,3,2,6,TRUE,FALSE,FALSE,FALSE,FALSE,FALSE
489,2014,2014 FIFA Men's World Cup,1,group stage,Group B,3,T-73,Spain,ESP,3,1,0,2,4,7,-3,3,FALSE,FALSE,FALSE,FALSE,FALSE,FALSE
490,2014,2014 FIFA Men's World Cup,1,group stage,Group B,4,T-04,Australia,AUS,3,0,0,3,3,9,-6,0,FALSE,FALSE,FALSE,FALSE,FALSE,FALSE
491,2014,2014 FIFA Men's World Cup,1,group stage,Group C,1,T-16,Colombia,COL,3,3,0,0,9,2,7,9,TRUE,FALSE,FALSE,FALSE,FALSE,FALSE
492,2014,2014 FIFA Men's World Cup,1,group stage,Group C,2,T-33,Greece,GRC,3,1,1,1,2,4,-2,4,TRUE,FALSE,FALSE,FALSE,FALSE,FALSE
493,2014,2014 FIFA Men's World Cup,1,group stage,Group C,3,T-42,Ivory Coast,CIV,3,1,0,2,4,5,-1,3,FALSE,FALSE,FALSE,FALSE,FALSE,FALSE
494,2014,2014 FIFA Men's World Cup,1,group stage,Group C,4,T-44,Japan,JPN,3,0,1,2,2,6,-4,1,FALSE,FALSE,FALSE,FALSE,FALSE,FALSE
495,2014,2014 FIFA Men's World Cup,1,group stage,Group D,1,T-17,Costa Rica,CRI,3,2,1,0,4,1,3,7,TRUE,FALSE,FALSE,FALSE,FALSE,FALSE
496,2014,2014 FIFA Men's World Cup,1,group stage,Group D,2,T-84,Uruguay,URY,3,2,0,1,4,4,0,6,TRUE,FALSE,FALSE,FALSE,FALSE,FALSE
497,2014,2014 FIFA Men's World Cup,1,group stage,Group D,3,T-41,Italy,ITA,3,1,0,2,2,3,-1,3,FALSE,FALSE,FALSE,FALSE,FALSE,FALSE
498,2014,2014 FIFA Men's World Cup,1,group stage,Group D,4,T-28,England,ENG,3,0,1,2,2,4,-2,1,FALSE,FALSE,FALSE,FALSE,FALSE,FALSE
499,2014,2014 FIFA Men's World Cup,1,group stage,Group E,1,T-30,France,FRA,3,2,1,0,8,2,6,7,TRUE,FALSE,FALSE,TRUE,FALSE,FALSE
500,2014,2014 FIFA Men's World Cup,1,group stage,Group E,2,T-75,Switzerland,CHE,3,2,0,1,7,6,1,6,TRUE,FALSE,FALSE,FALSE,FALSE,FALSE
501,2014,2014 FIFA Men's World Cup,1,group stage,Group E,3,T-25,Ecuador,ECU,3,1,1,1,3,3,0,4,FALSE,FALSE,FALSE,FALSE,FALSE,FALSE
502,2014,2014 FIFA Men's World Cup,1,group stage,Group E,4,T-35,Honduras,HND,3,0,0,3,1,8,-7,0,FALSE,FALSE,FALSE,FALSE,FALSE,FALSE
503,2014,2014 FIFA Men's World Cup,1,group stage,Group F,1,T-03,Argentina,ARG,3,3,0,0,6,3,3,9,TRUE,FALSE,TRUE,FALSE,FALSE,FALSE
504,2014,2014 FIFA Men's World Cup,1,group stage,Group F,2,T-50,Nigeria,NGA,3,1,1,1,3,3,0,4,TRUE,FALSE,FALSE,FALSE,FALSE,FALSE
505,2014,2014 FIFA Men's World Cup,1,group stage,Group F,3,T-08,Bosnia and Herzegovina,BIH,3,1,0,2,4,4,0,3,FALSE,FALSE,FALSE,FALSE,FALSE,FALSE
506,2014,2014 FIFA Men's World Cup,1,group stage,Group F,4,T-38,Iran,IRN,3,0,1,2,1,4,-3,1,FALSE,FALSE,FALSE,FALSE,FALSE,FALSE
507,2014,2014 FIFA Men's World Cup,1,group stage,Group G,1,T-31,Germany,DEU,3,2,1,0,7,2,5,7,TRUE,FALSE,FALSE,FALSE,FALSE,FALSE
508,2014,2014 FIFA Men's World Cup,1,group stage,Group G,2,T-83,United States,USA,3,1,1,1,4,4,0,4,TRUE,FALSE,FALSE,FALSE,FALSE,TRUE
509,2014,2014 FIFA Men's World Cup,1,group stage,Group G,3,T-58,Portugal,PRT,3,1,1,1,4,7,-3,4,FALSE,FALSE,FALSE,FALSE,FALSE,FALSE
510,2014,2014 FIFA Men's World Cup,1,group stage,Group G,4,T-32,Ghana,GHA,3,0,1,2,4,6,-2,1,FALSE,FALSE,FALSE,FALSE,FALSE,FALSE
511,2014,2014 FIFA Men's World Cup,1,group stage,Group H,1,T-06,Belgium,BEL,3,3,0,0,4,1,3,9,TRUE,FALSE,FALSE,FALSE,FALSE,FALSE
512,2014,2014 FIFA Men's World Cup,1,group stage,Group H,2,T-01,Algeria,DZA,3,1,1,1,6,5,1,4,TRUE,FALSE,FALSE,FALSE,FALSE,FALSE
513,2014,2014 FIFA Men's World Cup,1,group stage,Group H,3,T-62,Russia,RUS,3,0,2,1,2,3,-1,2,FALSE,FALSE,FALSE,FALSE,FALSE,FALSE
514,2014,2014 FIFA Men's World Cup,1,group stage,Group H,4,T-71,South Korea,KOR,3,0,1,2,3,6,-3,1,FALSE,FALSE,FALSE,FALSE,FALSE,FALSE
515,2015,2015 FIFA Women's World Cup,1,group stage,Group A,1,T-12,Canada,CAN,3,1,2,0,2,1,1,5,TRUE,FALSE,FALSE,FALSE,FALSE,FALSE
516,2015,2015 FIFA Women's World Cup,1,group stage,Group A,2,T-14,China,CHN,3,1,1,1,3,3,0,4,TRUE,FALSE,FALSE,FALSE,FALSE,FALSE
517,2015,2015 FIFA Women's World Cup,1,group stage,Group A,3,T-48,Netherlands,NLD,3,1,1,1,2,2,0,4,TRUE,FALSE,FALSE,FALSE,FALSE,FALSE
518,2015,2015 FIFA Women's World Cup,1,group stage,Group A,4,T-49,New Zealand,NZL,3,0,2,1,2,3,-1,2,FALSE,FALSE,FALSE,FALSE,FALSE,FALSE
519,2015,2015 FIFA Women's World Cup,1,group stage,Group B,1,T-31,Germany,DEU,3,2,1,0,15,1,14,7,TRUE,FALSE,FALSE,FALSE,FALSE,FALSE
520,2015,2015 FIFA Women's World Cup,1,group stage,Group B,2,T-53,Norway,NOR,3,2,1,0,8,2,6,7,TRUE,FALSE,FALSE,FALSE,FALSE,FALSE
521,2015,2015 FIFA Women's World Cup,1,group stage,Group B,3,T-76,Thailand,THA,3,1,0,2,3,10,-7,3,FALSE,FALSE,FALSE,FALSE,FALSE,FALSE
522,2015,2015 FIFA Women's World Cup,1,group stage,Group B,4,T-42,Ivory Coast,CIV,3,0,0,3,3,16,-13,0,FALSE,FALSE,FALSE,FALSE,FALSE,FALSE
523,2015,2015 FIFA Women's World Cup,1,group stage,Group C,1,T-44,Japan,JPN,3,3,0,0,4,1,3,9,TRUE,FALSE,FALSE,FALSE,FALSE,FALSE
524,2015,2015 FIFA Women's World Cup,1,group stage,Group C,2,T-11,Cameroon,CMR,3,2,0,1,9,3,6,6,TRUE,FALSE,FALSE,FALSE,FALSE,FALSE
525,2015,2015 FIFA Women's World Cup,1,group stage,Group C,3,T-75,Switzerland,CHE,3,1,0,2,11,4,7,3,TRUE,FALSE,FALSE,FALSE,FALSE,FALSE
526,2015,2015 FIFA Women's World Cup,1,group stage,Group C,4,T-25,Ecuador,ECU,3,0,0,3,1,17,-16,0,FALSE,FALSE,FALSE,FALSE,FALSE,FALSE
527,2015,2015 FIFA Women's World Cup,1,group stage,Group D,1,T-83,United States,USA,3,2,1,0,4,1,3,7,TRUE,FALSE,FALSE,FALSE,FALSE,TRUE
528,2015,2015 FIFA Women's World Cup,1,group stage,Group D,2,T-04,Australia,AUS,3,1,1,1,4,4,0,4,TRUE,FALSE,FALSE,FALSE,FALSE,FALSE
529,2015,2015 FIFA Women's World Cup,1,group stage,Group D,3,T-74,Sweden,SWE,3,0,3,0,4,4,0,3,TRUE,FALSE,FALSE,FALSE,FALSE,FALSE
530,2015,2015 FIFA Women's World Cup,1,group stage,Group D,4,T-50,Nigeria,NGA,3,0,1,2,3,6,-3,1,FALSE,FALSE,FALSE,FALSE,FALSE,FALSE
531,2015,2015 FIFA Women's World Cup,1,group stage,Group E,1,T-09,Brazil,BRA,3,3,0,0,4,0,4,9,TRUE,TRUE,FALSE,FALSE,FALSE,FALSE
532,2015,2015 FIFA Women's World Cup,1,group stage,Group E,2,T-71,South Korea,KOR,3,1,1,1,4,5,-1,4,TRUE,FALSE,FALSE,FALSE,FALSE,FALSE
533,2015,2015 FIFA Women's World Cup,1,group stage,Group E,3,T-17,Costa Rica,CRI,3,0,2,1,3,4,-1,2,FALSE,FALSE,FALSE,FALSE,FALSE,FALSE
534,2015,2015 FIFA Women's World Cup,1,group stage,Group E,4,T-73,Spain,ESP,3,0,1,2,2,4,-2,1,FALSE,FALSE,FALSE,FALSE,FALSE,FALSE
535,2015,2015 FIFA Women's World Cup,1,group stage,Group F,1,T-30,France,FRA,3,2,0,1,6,2,4,6,TRUE,FALSE,FALSE,TRUE,FALSE,FALSE
536,2015,2015 FIFA Women's World Cup,1,group stage,Group F,2,T-28,England,ENG,3,2,0,1,4,3,1,6,TRUE,FALSE,FALSE,FALSE,FALSE,FALSE
537,2015,2015 FIFA Women's World Cup,1,group stage,Group F,3,T-16,Colombia,COL,3,1,1,1,4,3,1,4,TRUE,FALSE,FALSE,FALSE,FALSE,FALSE
538,2015,2015 FIFA Women's World Cup,1,group stage,Group F,4,T-46,Mexico,MEX,3,0,1,2,2,8,-6,1,FALSE,FALSE,FALSE,FALSE,TRUE,FALSE
539,2018,2018 FIFA Men's World Cup,1,group stage,Group A,1,T-84,Uruguay,URY,3,3,0,0,5,0,5,9,TRUE,FALSE,FALSE,FALSE,FALSE,FALSE
540,2018,2018 FIFA Men's World Cup,1,group stage,Group A,2,T-62,Russia,RUS,3,2,0,1,8,4,4,6,TRUE,FALSE,FALSE,FALSE,FALSE,FALSE
541,2018,2018 FIFA Men's World Cup,1,group stage,Group A,3,T-63,Saudi Arabia,SAU,3,1,0,2,2,7,-5,3,FALSE,FALSE,FALSE,FALSE,FALSE,FALSE
542,2018,2018 FIFA Men's World Cup,1,group stage,Group A,4,T-26,Egypt,EGY,3,0,0,3,2,6,-4,0,FALSE,FALSE,FALSE,FALSE,FALSE,FALSE
543,2018,2018 FIFA Men's World Cup,1,group stage,Group B,1,T-73,Spain,ESP,3,1,2,0,6,5,1,5,TRUE,FALSE,FALSE,FALSE,FALSE,FALSE
544,2018,2018 FIFA Men's World Cup,1,group stage,Group B,2,T-58,Portugal,PRT,3,1,2,0,5,4,1,5,TRUE,FALSE,FALSE,FALSE,FALSE,FALSE
545,2018,2018 FIFA Men's World Cup,1,group stage,Group B,3,T-38,Iran,IRN,3,1,1,1,2,2,0,4,FALSE,FALSE,FALSE,FALSE,FALSE,FALSE
546,2018,2018 FIFA Men's World Cup,1,group stage,Group B,4,T-47,Morocco,MAR,3,0,1,2,2,4,-2,1,FALSE,FALSE,FALSE,FALSE,FALSE,FALSE
547,2018,2018 FIFA Men's World Cup,1,group stage,Group C,1,T-30,France,FRA,3,2,1,0,3,1,2,7,TRUE,FALSE,FALSE,TRUE,FALSE,FALSE
548,2018,2018 FIFA Men's World Cup,1,group stage,Group C,2,T-22,Denmark,DNK,3,1,2,0,2,1,1,5,TRUE,FALSE,FALSE,FALSE,FALSE,FALSE
549,2018,2018 FIFA Men's World Cup,1,group stage,Group C,3,T-56,Peru,PER,3,1,0,2,2,2,0,3,FALSE,FALSE,FALSE,FALSE,FALSE,FALSE
550,2018,2018 FIFA Men's World Cup,1,group stage,Group C,4,T-04,Australia,AUS,3,0,1,2,2,5,-3,1,FALSE,FALSE,FALSE,FALSE,FALSE,FALSE
551,2018,2018 FIFA Men's World Cup,1,group stage,Group D,1,T-18,Croatia,HRV,3,3,0,0,7,1,6,9,TRUE,FALSE,FALSE,FALSE,FALSE,FALSE
552,2018,2018 FIFA Men's World Cup,1,group stage,Group D,2,T-03,Argentina,ARG,3,1,1,1,3,5,-2,4,TRUE,FALSE,TRUE,FALSE,FALSE,FALSE
553,2018,2018 FIFA Men's World Cup,1,group stage,Group D,3,T-50,Nigeria,NGA,3,1,0,2,3,4,-1,3,FALSE,FALSE,FALSE,FALSE,FALSE,FALSE
554,2018,2018 FIFA Men's World Cup,1,group stage,Group D,4,T-37,Iceland,ISL,3,0,1,2,2,5,-3,1,FALSE,FALSE,FALSE,FALSE,FALSE,FALSE
555,2018,2018 FIFA Men's World Cup,1,group stage,Group E,1,T-09,Brazil,BRA,3,2,1,0,5,1,4,7,TRUE,TRUE,FALSE,FALSE,FALSE,FALSE
556,2018,2018 FIFA Men's World Cup,1,group stage,Group E,2,T-75,Switzerland,CHE,3,1,2,0,5,4,1,5,TRUE,FALSE,FALSE,FALSE,FALSE,FALSE
557,2018,2018 FIFA Men's World Cup,1,group stage,Group E,3,T-66,Serbia,SRB,3,1,0,2,2,4,-2,3,FALSE,FALSE,FALSE,FALSE,FALSE,FALSE
558,2018,2018 FIFA Men's World Cup,1,group stage,Group E,4,T-17,Costa Rica,CRI,3,0,1,2,2,5,-3,1,FALSE,FALSE,FALSE,FALSE,FALSE,FALSE
559,2018,2018 FIFA Men's World Cup,1,group stage,Group F,1,T-74,Sweden,SWE,3,2,0,1,5,2,3,6,TRUE,FALSE,FALSE,FALSE,FALSE,FALSE
560,2018,2018 FIFA Men's World Cup,1,group stage,Group F,2,T-46,Mexico,MEX,3,2,0,1,3,4,-1,6,TRUE,FALSE,FALSE,FALSE,TRUE,FALSE
561,2018,2018 FIFA Men's World Cup,1,group stage,Group F,3,T-71,South Korea,KOR,3,1,0,2,3,3,0,3,FALSE,FALSE,FALSE,FALSE,FALSE,FALSE
562,2018,2018 FIFA Men's World Cup,1,group stage,Group F,4,T-31,Germany,DEU,3,1,0,2,2,4,-2,3,FALSE,FALSE,FALSE,FALSE,FALSE,FALSE
563,2018,2018 FIFA Men's World Cup,1,group stage,Group G,1,T-06,Belgium,BEL,3,3,0,0,9,2,7,9,TRUE,FALSE,FALSE,FALSE,FALSE,FALSE
564,2018,2018 FIFA Men's World Cup,1,group stage,Group G,2,T-28,England,ENG,3,2,0,1,8,3,5,6,TRUE,FALSE,FALSE,FALSE,FALSE,FALSE
565,2018,2018 FIFA Men's World Cup,1,group stage,Group G,3,T-79,Tunisia,TUN,3,1,0,2,5,8,-3,3,FALSE,FALSE,FALSE,FALSE,FALSE,FALSE
566,2018,2018 FIFA Men's World Cup,1,group stage,Group G,4,T-54,Panama,PAN,3,0,0,3,2,11,-9,0,FALSE,FALSE,FALSE,FALSE,FALSE,FALSE
567,2018,2018 FIFA Men's World Cup,1,group stage,Group H,1,T-16,Colombia,COL,3,2,0,1,5,2,3,6,TRUE,FALSE,FALSE,FALSE,FALSE,FALSE
568,2018,2018 FIFA Men's World Cup,1,group stage,Group H,2,T-44,Japan,JPN,3,1,1,1,4,4,0,4,TRUE,FALSE,FALSE,FALSE,FALSE,FALSE
569,2018,2018 FIFA Men's World Cup,1,group stage,Group H,3,T-65,Senegal,SEN,3,1,1,1,4,4,0,4,FALSE,FALSE,FALSE,FALSE,FALSE,FALSE
570,2018,2018 FIFA Men's World Cup,1,group stage,Group H,4,T-57,Poland,POL,3,1,0,2,2,5,-3,3,FALSE,FALSE,FALSE,FALSE,FALSE,FALSE
571,2019,2019 FIFA Women's World Cup,1,group stage,Group A,1,T-30,France,FRA,3,3,0,0,7,1,6,9,TRUE,FALSE,FALSE,TRUE,FALSE,FALSE
572,2019,2019 FIFA Women's World Cup,1,group stage,Group A,2,T-53,Norway,NOR,3,2,0,1,6,3,3,6,TRUE,FALSE,FALSE,FALSE,FALSE,FALSE
573,2019,2019 FIFA Women's World Cup,1,group stage,Group A,3,T-50,Nigeria,NGA,3,1,0,2,2,4,-2,3,TRUE,FALSE,FALSE,FALSE,FALSE,FALSE
574,2019,2019 FIFA Women's World Cup,1,group stage,Group A,4,T-71,South Korea,KOR,3,0,0,3,1,8,-7,0,FALSE,FALSE,FALSE,FALSE,FALSE,FALSE
575,2019,2019 FIFA Women's World Cup,1,group stage,Group B,1,T-31,Germany,DEU,3,3,0,0,6,0,6,9,TRUE,FALSE,FALSE,FALSE,FALSE,FALSE
576,2019,2019 FIFA Women's World Cup,1,group stage,Group B,2,T-73,Spain,ESP,3,1,1,1,3,2,1,4,TRUE,FALSE,FALSE,FALSE,FALSE,FALSE
577,2019,2019 FIFA Women's World Cup,1,group stage,Group B,3,T-14,China,CHN,3,1,1,1,1,1,0,4,TRUE,FALSE,FALSE,FALSE,FALSE,FALSE
578,2019,2019 FIFA Women's World Cup,1,group stage,Group B,4,T-70,South Africa,ZAF,3,0,0,3,1,8,-7,0,FALSE,FALSE,FALSE,FALSE,FALSE,FALSE
579,2019,2019 FIFA Women's World Cup,1,group stage,Group C,1,T-41,Italy,ITA,3,2,0,1,7,2,5,6,TRUE,FALSE,FALSE,FALSE,FALSE,FALSE
580,2019,2019 FIFA Women's World Cup,1,group stage,Group C,2,T-04,Australia,AUS,3,2,0,1,8,5,3,6,TRUE,FALSE,FALSE,FALSE,FALSE,FALSE
581,2019,2019 FIFA Women's World Cup,1,group stage,Group C,3,T-09,Brazil,BRA,3,2,0,1,6,3,3,6,TRUE,TRUE,FALSE,FALSE,FALSE,FALSE
582,2019,2019 FIFA Women's World Cup,1,group stage,Group C,4,T-43,Jamaica,JAM,3,0,0,3,1,12,-11,0,FALSE,FALSE,FALSE,FALSE,FALSE,FALSE
583,2019,2019 FIFA Women's World Cup,1,group stage,Group D,1,T-28,England,ENG,3,3,0,0,5,1,4,9,TRUE,FALSE,FALSE,FALSE,FALSE,FALSE
584,2019,2019 FIFA Women's World Cup,1,group stage,Group D,2,T-44,Japan,JPN,3,1,1,1,2,3,-1,4,TRUE,FALSE,FALSE,FALSE,FALSE,FALSE
585,2019,2019 FIFA Women's World Cup,1,group stage,Group D,3,T-03,Argentina,ARG,3,0,2,1,3,4,-1,2,FALSE,FALSE,TRUE,FALSE,FALSE,FALSE
586,2019,2019 FIFA Women's World Cup,1,group stage,Group D,4,T-64,Scotland,SCO,3,0,1,2,5,7,-2,1,FALSE,FALSE,FALSE,FALSE,FALSE,FALSE
587,2019,2019 FIFA Women's World Cup,1,group stage,Group E,1,T-48,Netherlands,NLD,3,3,0,0,6,2,4,9,TRUE,FALSE,FALSE,FALSE,FALSE,FALSE
588,2019,2019 FIFA Women's World Cup,1,group stage,Group E,2,T-12,Canada,CAN,3,2,0,1,4,2,2,6,TRUE,FALSE,FALSE,FALSE,FALSE,FALSE
589,2019,2019 FIFA Women's World Cup,1,group stage,Group E,3,T-11,Cameroon,CMR,3,1,0,2,3,5,-2,3,TRUE,FALSE,FALSE,FALSE,FALSE,FALSE
590,2019,2019 FIFA Women's World Cup,1,group stage,Group E,4,T-49,New Zealand,NZL,3,0,0,3,1,5,-4,0,FALSE,FALSE,FALSE,FALSE,FALSE,FALSE
591,2019,2019 FIFA Women's World Cup,1,group stage,Group F,1,T-83,United States,USA,3,3,0,0,18,0,18,9,TRUE,FALSE,FALSE,FALSE,FALSE,TRUE
592,2019,2019 FIFA Women's World Cup,1,group stage,Group F,2,T-74,Sweden,SWE,3,2,0,1,7,3,4,6,TRUE,FALSE,FALSE,FALSE,FALSE,FALSE
593,2019,2019 FIFA Women's World Cup,1,group stage,Group F,3,T-13,Chile,CHL,3,1,0,2,2,5,-3,3,FALSE,FALSE,FALSE,FALSE,FALSE,FALSE
594,2019,2019 FIFA Women's World Cup,1,group stage,Group F,4,T-76,Thailand,THA,3,0,0,3,1,20,-19,0,FALSE,FALSE,FALSE,FALSE,FALSE,FALSE
595,2022,2022 FIFA Men's World Cup,1,group stage,Group A,1,T-48,Netherlands,NLD,3,2,1,0,5,1,4,7,TRUE,FALSE,FALSE,FALSE,FALSE,FALSE
596,2022,2022 FIFA Men's World Cup,1,group stage,Group A,2,T-65,Senegal,SEN,3,2,0,1,5,4,1,6,TRUE,FALSE,FALSE,FALSE,FALSE,FALSE
597,2022,2022 FIFA Men's World Cup,1,group stage,Group A,3,T-25,Ecuador,ECU,3,1,1,1,4,3,1,4,FALSE,FALSE,FALSE,FALSE,FALSE,FALSE
598,2022,2022 FIFA Men's World Cup,1,group stage,Group A,4,T-59,Qatar,QAT,3,0,0,3,1,7,-6,0,FALSE,FALSE,FALSE,FALSE,FALSE,FALSE
599,2022,2022 FIFA Men's World Cup,1,group stage,Group B,1,T-28,England,ENG,3,2,1,0,9,2,7,7,TRUE,FALSE,FALSE,FALSE,FALSE,FALSE
600,2022,2022 FIFA Men's World Cup,1,group stage,Group B,2,T-83,United States,USA,3,1,2,0,2,1,1,5,TRUE,FALSE,FALSE,FALSE,FALSE,TRUE
601,2022,2022 FIFA Men's World Cup,1,group stage,Group B,3,T-38,Iran,IRN,3,1,0,2,4,7,-3,3,FALSE,FALSE,FALSE,FALSE,FALSE,FALSE
602,2022,2022 FIFA Men's World Cup,1,group stage,Group B,4,T-85,Wales,WAL,3,0,1,2,1,6,-5,1,FALSE,FALSE,FALSE,FALSE,FALSE,FALSE
603,2022,2022 FIFA Men's World Cup,1,group stage,Group C,1,T-03,Argentina,ARG,3,2,0,1,5,2,3,6,TRUE,FALSE,TRUE,FALSE,FALSE,FALSE
604,2022,2022 FIFA Men's World Cup,1,group stage,Group C,2,T-57,Poland,POL,3,1,1,1,2,2,0,4,TRUE,FALSE,FALSE,FALSE,FALSE,FALSE
605,2022,2022 FIFA Men's World Cup,1,group stage,Group C,3,T-46,Mexico,MEX,3,1,1,1,2,3,-1,4,FALSE,FALSE,FALSE,FALSE,TRUE,FALSE
606,2022,2022 FIFA Men's World Cup,1,group stage,Group C,4,T-63,Saudi Arabia,SAU,3,1,0,2,3,5,-2,3,FALSE,FALSE,FALSE,FALSE,FALSE,FALSE
607,2022,2022 FIFA Men's World Cup,1,group stage,Group D,1,T-30,France,FRA,3,2,0,1,6,3,3,6,TRUE,FALSE,FALSE,TRUE,FALSE,FALSE
608,2022,2022 FIFA Men's World Cup,1,group stage,Group D,2,T-04,Australia,AUS,3,2,0,1,3,4,-1,6,TRUE,FALSE,FALSE,FALSE,FALSE,FALSE
609,2022,2022 FIFA Men's World Cup,1,group stage,Group D,3,T-79,Tunisia,TUN,3,1,1,1,1,1,0,4,FALSE,FALSE,FALSE,FALSE,FALSE,FALSE
610,2022,2022 FIFA Men's World Cup,1,group stage,Group D,4,T-22,Denmark,DNK,3,0,1,2,1,3,-2,1,FALSE,FALSE,FALSE,FALSE,FALSE,FALSE
611,2022,2022 FIFA Men's World Cup,1,group stage,Group E,1,T-44,Japan,JPN,3,2,0,1,4,3,1,6,TRUE,FALSE,FALSE,FALSE,FALSE,FALSE
612,2022,2022 FIFA Men's World Cup,1,group stage,Group E,2,T-73,Spain,ESP,3,1,1,1,9,3,6,4,TRUE,FALSE,FALSE,FALSE,FALSE,FALSE
613,2022,2022 FIFA Men's World Cup,1,group stage,Group E,3,T-31,Germany,DEU,3,1,1,1,6,5,1,4,FALSE,FALSE,FALSE,FALSE,FALSE,FALSE
614,2022,2022 FIFA Men's World Cup,1,group stage,Group E,4,T-17,Costa Rica,CRI,3,1,0,2,3,11,-8,3,FALSE,FALSE,FALSE,FALSE,FALSE,FALSE
615,2022,2022 FIFA Men's World Cup,1,group stage,Group F,1,T-47,Morocco,MAR,3,2,1,0,4,1,3,7,TRUE,FALSE,FALSE,FALSE,FALSE,FALSE
616,2022,2022 FIFA Men's World Cup,1,group stage,Group F,2,T-18,Croatia,HRV,3,1,2,0,4,1,3,5,TRUE,FALSE,FALSE,FALSE,FALSE,FALSE
617,2022,2022 FIFA Men's World Cup,1,group stage,Group F,3,T-06,Belgium,BEL,3,1,1,1,1,2,-1,4,FALSE,FALSE,FALSE,FALSE,FALSE,FALSE
618,2022,2022 FIFA Men's World Cup,1,group stage,Group F,4,T-12,Canada,CAN,3,0,0,3,2,7,-5,0,FALSE,FALSE,FALSE,FALSE,FALSE,FALSE
619,2022,2022 FIFA Men's World Cup,1,group stage,Group G,1,T-09,Brazil,BRA,3,2,0,1,3,1,2,6,TRUE,TRUE,FALSE,FALSE,FALSE,FALSE
620,2022,2022 FIFA Men's World Cup,1,group stage,Group G,2,T-75,Switzerland,CHE,3,2,0,1,4,3,1,6,TRUE,FALSE,FALSE,FALSE,FALSE,FALSE
621,2022,2022 FIFA Men's World Cup,1,group stage,Group G,3,T-11,Cameroon,CMR,3,1,1,1,4,4,0,4,FALSE,FALSE,FALSE,FALSE,FALSE,FALSE
622,2022,2022 FIFA Men's World Cup,1,group stage,Group G,4,T-66,Serbia,SRB,3,0,1,2,5,8,-3,1,FALSE,FALSE,FALSE,FALSE,FALSE,FALSE
623,2022,2022 FIFA Men's World Cup,1,group stage,Group H,1,T-58,Portugal,PRT,3,2,0,1,6,4,2,6,TRUE,FALSE,FALSE,FALSE,FALSE,FALSE
624,2022,2022 FIFA Men's World Cup,1,group stage,Group H,2,T-71,South Korea,KOR,3,1,1,1,4,4,0,4,TRUE,FALSE,FALSE,FALSE,FALSE,FALSE
625,2022,2022 FIFA Men's World Cup,1,group stage,Group H,3,T-84,Uruguay,URY,3,1,1,1,2,2,0,4,FALSE,FALSE,FALSE,FALSE,FALSE,FALSE
626,2022,2022 FIFA Men's World Cup,1,group stage,Group H,4,T-32,Ghana,GHA,3,1,0,2,5,7,-2,3,FALSE,FALSE,FALSE,FALSE,FALSE,FALSE
