season,episode,title,air_date,rating,votes
1,1,Pilot,3/24/2005,7.6,3706
1,2,Diversity Day,3/29/2005,8.3,3566
1,3,Health Care,4/5/2005,7.9,2983
1,4,The Alliance,4/12/2005,8.1,2886
1,5,Basketball,4/19/2005,8.4,3179
1,6,Hot Girl,4/26/2005,7.8,2852
2,1,The Dundies,9/20/2005,8.7,3213
2,2,Sexual Harassment,9/27/2005,8.2,2736
2,3,Office Olympics,10/4/2005,8.4,2742
2,4,The Fire,10/11/2005,8.4,2713
2,5,Halloween,10/18/2005,8.2,2561
2,6,The Fight,11/1/2005,8.2,2550
2,7,The Client,11/8/2005,8.6,2631
2,8,Performance Review,11/15/2005,8.2,2416
2,9,E-Mail Surveillance,11/22/2005,8.4,2527
2,10,Christmas Party,12/6/2005,8.8,2755
2,11,Booze Cruise,1/5/2006,8.6,2679
2,12,The Injury,1/12/2006,9,3282
2,13,The Secret,1/19/2006,8.3,2363
2,14,The Carpet,1/26/2006,7.9,2342
2,15,Boys and Girls,2/2/2006,8.2,2323
2,16,Valentine's Day,2/9/2006,8.3,2345
2,17,Dwight's Speech,3/2/2006,8.4,2463
2,18,Take Your Daughter to Work Day,3/16/2006,8.3,2415
2,19,Michael's Birthday,3/30/2006,8.1,2337
2,20,Drug Testing,4/27/2006,8.4,2397
2,21,Conflict Resolution,5/4/2006,8.7,2440
2,22,Casino Night,5/11/2006,9.3,3644
3,1,Gay Witch Hunt,9/21/2006,8.9,3087
3,2,The Convention,9/28/2006,8.2,2275
3,3,The Coup,10/5/2006,8.5,2388
3,4,Grief Counseling,10/12/2006,8,2311
3,5,Initiation,10/19/2006,8.2,2254
3,6,Diwali,11/2/2006,8,2320
3,7,Branch Closing,11/9/2006,8.5,2260
3,8,The Merger,11/16/2006,8.7,2376
3,9,The Convict,11/30/2006,8.2,2373
3,10,A Benihana Christmas,12/14/2006,8.7,2541
3,11,Back from Vacation,1/4/2007,8.5,2255
3,12,Traveling Salesmen,1/11/2007,8.6,2316
3,13,The Return,1/18/2007,8.8,2430
3,14,Ben Franklin,2/1/2007,8.2,2254
3,15,Phyllis' Wedding,2/8/2007,8.3,2283
3,16,Business School,2/15/2007,8.8,2622
3,17,Cocktails,2/22/2007,8.5,2264
3,18,The Negotiation,4/5/2007,8.9,2555
3,19,Safety Training,4/12/2007,8.8,2424
3,20,Product Recall,4/26/2007,8.7,2409
3,21,Women's Appreciation,5/3/2007,8.8,2403
3,22,Beach Games,5/10/2007,9.1,2783
3,23,The Job,5/17/2007,9.3,3010
4,1,Fun Run,9/27/2007,8.8,2826
4,2,Dunder Mifflin Infinity,10/4/2007,8.4,2248
4,3,Launch Party,10/11/2007,8.5,2173
4,4,Money,10/18/2007,8.7,2341
4,5,Local Ad,10/25/2007,8.8,2388
4,6,Branch Wars,11/1/2007,8.5,2185
4,7,Survivor Man,11/8/2007,8.3,2110
4,8,The Deposition,11/15/2007,8.7,2202
4,9,Dinner Party,4/10/2008,9.3,4095
4,10,Chair Model,4/17/2008,8.1,2095
4,11,Night Out,4/24/2008,8.7,2179
4,12,Did I Stutter?,5/1/2008,8.4,2087
4,13,Job Fair,5/8/2008,7.9,1977
4,14,"Goodbye, Toby",5/15/2008,9.3,3010
5,1,Weight Loss,9/25/2008,8.8,2501
5,2,Business Ethics,10/9/2008,8.3,1990
5,3,Baby Shower,10/16/2008,8.1,1954
5,4,Crime Aid,10/23/2008,8.1,1884
5,5,Employee Transfer,10/30/2008,8.1,1962
5,6,Customer Survey,11/6/2008,8.5,2018
5,7,Business Trip,11/13/2008,8.2,1867
5,8,Frame Toby,11/20/2008,8.6,2089
5,9,The Surplus,12/4/2008,8.7,2070
5,10,Moroccan Christmas,12/11/2008,8.4,1951
5,11,The Duel,1/15/2009,8.7,2011
5,12,Prince Family Paper,1/22/2009,8.1,1954
5,13,Stress Relief,2/1/2009,9.6,5948
5,14,Lecture Circuit: Part 1,2/5/2009,8.2,1838
5,15,Lecture Circuit: Part 2,2/12/2009,8.2,1808
5,16,Blood Drive,3/5/2009,8.1,1847
5,17,Golden Ticket,3/12/2009,8.7,1987
5,18,New Boss,3/19/2009,8.3,1875
5,19,Two Weeks,3/26/2009,8.4,1864
5,20,Dream Team,4/9/2009,8.3,1863
5,21,Michael Scott Paper Company,4/9/2009,8.7,2032
5,22,Heavy Competition,4/16/2009,8.7,1913
5,23,Broke,4/23/2009,9.1,2509
5,24,Casual Friday,4/30/2009,8.3,1845
5,25,Cafe Disco,5/7/2009,8.7,2107
5,26,Company Picnic,5/14/2009,8.9,2232
6,1,Gossip,9/17/2009,8.7,2127
6,2,The Meeting,9/24/2009,8.2,1755
6,3,The Promotion,10/1/2009,8,1751
6,4,Niagara: Part 1,10/8/2009,9.3,3579
6,5,Niagara: Part 2,10/8/2009,9.3,1946
6,6,Mafia,10/15/2009,7.7,1829
6,7,The Lover,10/22/2009,8.6,1917
6,8,Koi Pond,10/29/2009,8.2,1739
6,9,Double Date,11/5/2009,8.2,1709
6,10,Murder,11/12/2009,8.6,2016
6,11,Shareholder Meeting,11/19/2009,8.2,1726
6,12,Scott's Tots,12/3/2009,8.3,1981
6,13,Secret Santa,12/10/2009,8.5,1844
6,14,The Banker,1/21/2010,6.8,2288
6,15,Sabre,2/4/2010,7.8,1681
6,16,Manager and Salesman,2/11/2010,8.1,1670
6,17,The Delivery: Part 1,3/4/2010,8.4,1750
6,18,The Delivery: Part 2,3/4/2010,8.5,1769
6,19,St. Patrick's Day,3/11/2010,7.8,1642
6,20,New Leads,3/18/2010,7.9,1609
6,21,Happy Hour,3/25/2010,8.6,1873
6,22,Secretary's Day,4/22/2010,7.9,1613
6,23,Body Language,4/29/2010,8,1633
6,24,The Cover-Up,5/6/2010,8.2,1627
6,25,The Chump,5/13/2010,7.9,1571
6,26,Whistleblower,5/20/2010,8,1625
7,1,Nepotism,9/23/2010,8.4,1897
7,2,Counseling,9/30/2010,8.3,1684
7,3,Andy's Play,10/7/2010,8.2,1802
7,4,Sex Ed,10/14/2010,7.9,1650
7,5,The Sting,10/21/2010,7.8,1612
7,6,Costume Contest,10/28/2010,8.2,1663
7,7,Christening,11/4/2010,7.5,1668
7,8,Viewing Party,11/11/2010,7.9,1633
7,9,WUPHF.com,11/18/2010,7.8,1598
7,10,China,12/2/2010,8.2,1661
7,11,Classy Christmas,12/9/2010,8.9,2138
7,12,Ultimatum,1/20/2011,8.3,1695
7,13,The Seminar,1/27/2011,7.7,1616
7,14,The Search,2/3/2011,8.5,1742
7,15,PDA,2/10/2011,8.4,1736
7,16,Threat Level Midnight,2/17/2011,9.3,3525
7,17,Todd Packer,2/24/2011,7.5,1581
7,18,Garage Sale,3/24/2011,9.2,2742
7,19,Training Day,4/14/2011,7.8,1655
7,20,Michael's Last Dundies,4/21/2011,8.9,2182
7,21,"Goodbye, Michael",4/28/2011,9.7,5749
7,22,The Inner Circle,5/5/2011,7.7,1634
7,23,"Dwight K. Schrute, (Acting) Manager",5/12/2011,8.7,1840
7,24,Search Committee,5/19/2011,8.8,2040
8,1,The List,9/22/2011,8.2,1829
8,2,The Incentive,9/29/2011,8.2,1668
8,3,Lotto,10/6/2011,7.3,1601
8,4,Garden Party,10/13/2011,8.1,1717
8,5,Spooked,10/27/2011,7.6,1543
8,6,Doomsday,11/3/2011,7.8,1476
8,7,Pam's Replacement,11/10/2011,7.7,1563
8,8,Gettysburg,11/17/2011,7,1584
8,9,Mrs. California,12/1/2011,7.7,1553
8,10,Christmas Wishes,12/8/2011,8,1547
8,11,Trivia,1/12/2012,7.9,1488
8,12,Pool Party,1/19/2012,8,1612
8,13,Jury Duty,2/2/2012,7.5,1478
8,14,Special Project,2/9/2012,7.8,1432
8,15,Tallahassee,2/16/2012,7.9,1522
8,16,After Hours,2/23/2012,8.1,1567
8,17,Test the Store,3/1/2012,7.8,1478
8,18,Last Day in Florida,3/8/2012,7.8,1429
8,19,Get the Girl,3/15/2012,6.7,1642
8,20,Welcome Party,4/12/2012,7.2,1489
8,21,Angry Andy,4/19/2012,7.1,1585
8,22,Fundraiser,4/26/2012,7.1,1453
8,23,Turf War,5/3/2012,7.7,1393
8,24,Free Family Portrait Studio,5/10/2012,7.8,1464
9,1,New Guys,9/20/2012,7.7,1577
9,2,Roy's Wedding,9/27/2012,7.2,1477
9,3,Andy's Ancestry,10/4/2012,7.5,1461
9,4,Work Bus,10/18/2012,7.9,1551
9,5,Here Comes Treble,10/25/2012,7.1,1515
9,6,The Boat,11/8/2012,7.8,1455
9,7,The Whale,11/15/2012,7.7,1406
9,8,The Target,11/29/2012,7.8,1438
9,9,Dwight Christmas,12/6/2012,8.4,1634
9,10,Lice,1/10/2013,7.7,1470
9,11,Suit Warehouse,1/17/2013,7.9,1441
9,12,Customer Loyalty,1/24/2013,8,1508
9,13,Junior Salesman,1/31/2013,7.7,1394
9,14,Vandalism,1/31/2013,7.6,1402
9,15,Couples Discount,2/7/2013,7.4,1407
9,16,Moving On,2/14/2013,8.2,1572
9,17,The Farm,3/14/2013,7.5,1656
9,18,Promos,4/4/2013,8,1445
9,19,Stairmageddon,4/11/2013,8,1484
9,20,Paper Airplane,4/25/2013,8,1482
9,21,Livin' the Dream,5/2/2013,8.9,2041
9,22,A.A.R.M.,5/9/2013,9.3,2860
9,23,Finale,5/16/2013,9.7,7934
