title,date,year,genre,rating,total_gross,adjusted_gross
Snow White and the Seven Dwarfs,12/21/1937,1937,Musical,G,184.93,5228.95
Pinocchio,2/9/1940,1940,Adventure,G,84.3,2188.23
Fantasia,11/13/1940,1940,Musical,G,83.32,2187.09
Song of the South,11/12/1946,1946,Adventure,G,65,1078.51
Cinderella,2/15/1950,1950,Drama,G,85,920.61
"20,000 Leagues Under the Sea",12/23/1954,1954,Adventure,PG,28.2,528.28
Lady and the Tramp,6/22/1955,1955,Drama,G,93.6,1236.04
Sleeping Beauty,1/29/1959,1959,Drama,G,9.46,21.51
101 Dalmatians,1/25/1961,1961,Comedy,G,153,1362.87
The Absent Minded Professor,3/16/1961,1961,Comedy,PG,25.38,310.09
Babes in Toyland,12/14/1961,1961,Musical,G,10.22,124.84
The Sword in the Stone,12/25/1963,1963,Adventure,G,22.18,153.87
The Jungle Book,10/18/1967,1967,Musical,G,141.84,789.61
Blackbeard's Ghost,2/8/1968,1968,Comedy,G,21.54,138.61
The Aristocats,4/24/1970,1970,Musical,G,55.68,255.16
The Boatniks,7/1/1970,1970,Comedy,G,18.61,101.2
Bedknobs and Broomsticks,10/7/1971,1971,Musical,G,17.87,91.31
The Apple Dumpling Gang,7/1/1975,1975,Comedy,G,31.92,131.25
Freaky Friday,1/21/1977,1977,Comedy,PG,25.94,98.07
The Rescuers,6/22/1977,1977,Adventure,G,48.78,159.74
The Fox and the Hound,7/10/1981,1981,Comedy,G,43.9,133.12
Tron,7/9/1982,1982,Action,PG,26.92,77.18
Splash,3/9/1984,1984,Comedy,PG,62.6,157.06
Return to Oz,6/21/1985,1985,Adventure,PG,10.62,25.22
The Black Cauldron,7/24/1985,1985,Adventure,PG,21.29,50.55
Down and Out in Beverly Hills,1/31/1986,1986,Comedy,R,62.13,141.18
Ruthless People,6/27/1986,1986,Comedy,R,71.62,162.75
The Great Mouse Detective,7/2/1986,1986,Adventure,G,23.61,53.64
Flight of the Navigator,7/30/1986,1986,Adventure,PG,18.56,42.18
The Color of Money,10/17/1986,1986,Drama,R,52.29,117.96
Outrageous Fortune,1/30/1987,1987,Comedy,R,52.86,113.98
Adventures in Babysitting,7/3/1987,1987,Comedy,PG-13,33.79,72.85
Stakeout,8/5/1987,1987,Comedy,R,65.67,141.59
Can't Buy Me Love,8/14/1987,1987,Romantic Comedy,PG-13,31.62,68.18
3 Men and a Baby,11/25/1987,1987,Comedy,PG,167.78,353.33
Good Morning Vietnam,12/23/1987,1987,Comedy,R,123.92,254.41
Return to Snowy River,4/15/1988,1988,Adventure,PG,13.69,28.07
Big Business,6/10/1988,1988,Comedy,PG,40.15,82.35
Who Framed Roger Rabbit?,6/22/1988,1988,Comedy,PG,154.11,316.25
Cocktail,7/29/1988,1988,Drama,R,78.22,160.44
Ernest Saves Christmas,11/11/1988,1988,Comedy,PG,28.2,57.85
Oliver & Company,11/18/1988,1988,Adventure,G,49.58,102.25
Beaches,12/21/1988,1988,Drama,PG-13,57.04,120.38
Three Fugitives,1/27/1989,1989,Comedy,PG-13,40.59,85.76
New York Stories,3/1/1989,1989,Drama,PG,10.76,22.74
Dead Poets Society,6/2/1989,1989,Drama,PG,95.86,202.53
"Honey, I Shrunk the Kids",6/23/1989,1989,Adventure,PG,130.72,276.19
Turner & Hooch,7/28/1989,1989,Comedy,PG,71.08,150.18
An Innocent Man,10/6/1989,1989,Drama,R,19.4,40.98
Gross Anatomy,10/20/1989,1989,Drama,PG-13,11.35,23.97
The Little Mermaid,11/15/1989,1989,Adventure,G,111.54,223.73
Blaze,12/13/1989,1989,Drama,R,19.05,39.88
Stella,2/2/1990,1990,Drama,PG-13,20.06,40.08
Pretty Woman,3/23/1990,1990,Romantic Comedy,R,178.41,356.39
Ernest Goes to Jail,4/6/1990,1990,Comedy,PG,25.03,50
Spaced Invaders,4/27/1990,1990,Comedy,PG,15,29.96
Fire Birds,5/24/1990,1990,Action,PG-13,14.76,29.49
Dick Tracy,6/15/1990,1990,Action,PG,103.74,207.23
Betsy's Wedding,6/22/1990,1990,Comedy,R,19.74,39.43
Arachnophobia,7/18/1990,1990,Thriller/Suspense,PG-13,53.21,106.29
DuckTales: The Movie - Treasure,8/3/1990,1990,Adventure,G,18.08,36.11
Taking Care of Business,8/17/1990,1990,Comedy,R,20.01,39.96
Mr. Destiny,10/12/1990,1990,Comedy,PG-13,15.38,30.72
The Rescuers Down Under,11/16/1990,1990,Adventure,G,27.93,55.8
3 Men and a Little Lady,11/21/1990,1990,Comedy,PG,71.61,143.11
Green Card,12/25/1990,1990,Romantic Comedy,PG-13,29.8,59.68
White Fang,1/18/1991,1991,Adventure,PG,34.73,69.54
Haakon Haakonsen,3/1/1991,1991,Adventure,PG,15.02,30.08
The Marrying Man,4/5/1991,1991,Romantic Comedy,R,12.45,24.94
Oscar,4/26/1991,1991,Comedy,PG,23.56,47.18
One Good Cop,5/3/1991,1991,Action,R,11.28,22.58
What About Bob?,5/17/1991,1991,Comedy,PG,63.71,127.57
Wild Hearts Can't Be Broken,5/24/1991,1991,Drama,PG,7.3,14.62
The Rocketeer,6/21/1991,1991,Action,PG,46.57,93.26
The Doctor,7/24/1991,1991,Drama,PG-13,37.5,75.08
Paradise,9/18/1991,1991,Drama,PG-13,18.63,37.31
Deceived,9/27/1991,1991,Thriller/Suspense,PG-13,28.74,57.54
Ernest Scared Stupid,10/11/1991,1991,Comedy,PG,14.14,28.32
Billy Bathgate,11/1/1991,1991,Drama,R,15.57,31.17
Beauty and the Beast,11/13/1991,1991,Musical,G,218.95,363.02
Father of the Bride,12/20/1991,1991,Comedy,PG,89.33,179.82
The Hand That Rocks the Cradle,1/10/1992,1992,Thriller/Suspense,R,88.04,178.83
Medicine Man,2/7/1992,1992,Drama,PG-13,44.95,91.3
Blame it on the Bellboy,3/6/1992,1992,Comedy,PG-13,2.89,5.87
Noises Off...,3/20/1992,1992,Comedy,PG-13,2.28,4.63
Straight Talk,4/3/1992,1992,Comedy,PG,21.2,43.07
Newsies,4/8/1992,1992,Musical,PG,2.71,5.5
Encino Man,5/22/1992,1992,Comedy,PG,40.06,81.37
Sister Act,5/29/1992,1992,Comedy,PG,139.61,283.58
Honey I Blew Up the Kid,7/17/1992,1992,Comedy,PG,58.66,119.16
A Stranger Among Us,7/17/1992,1992,Drama,PG-13,12.28,24.95
3 Ninjas,8/7/1992,1992,Action,PG,29.03,58.97
Captain Ron,9/18/1992,1992,Comedy,PG-13,22.52,45.74
Sarafina!,9/18/1992,1992,Drama,PG-13,7.31,14.84
The Mighty Ducks,10/2/1992,1992,Comedy,PG,50.75,103.12
1492: Conquest of Paradise,10/9/1992,1992,Adventure,PG-13,7.1,14.42
Consenting Adults,10/16/1992,1992,Drama,R,21.59,43.86
Aladdin,11/11/1992,1992,Comedy,G,217.35,441.97
The Distinguished Gentleman,12/4/1992,1992,Comedy,R,46.43,94.35
The Muppet Christmas Carol,12/11/1992,1992,Comedy,G,27.28,55.42
Alive,1/15/1993,1993,Adventure,R,36.3,73.91
Aspen Extreme,1/22/1993,1993,Romantic Comedy,PG-13,7.84,15.97
Homeward Bound: The Incredible Journey,2/3/1993,1993,Adventure,G,41.83,85.18
The Cemetery Club,2/3/1993,1993,Comedy,PG-13,5.58,11.37
Swing Kids,3/5/1993,1993,Musical,PG-13,5.63,11.47
A Far Off Place,3/12/1993,1993,Adventure,PG,12.89,26.25
Born Yesterday,3/26/1993,1993,Romantic Comedy,PG,17.76,36.17
The Adventures of Huck Finn,4/2/1993,1993,Adventure,PG,24.1,49.08
Indian Summer,4/23/1993,1993,Comedy,R,14.72,29.97
Super Mario Bros.,5/28/1993,1993,Action,PG,20.84,42.45
Life With Mikey,6/4/1993,1993,Comedy,PG,12.35,25.15
Guilty as Sin,6/4/1993,1993,Thriller/Suspense,R,22.62,46.06
What's Love Got to Do With It,6/9/1993,1993,Drama,R,39.1,79.62
Son in Law,7/2/1993,1993,Comedy,PG-13,25.99,52.92
Hocus Pocus,7/16/1993,1993,Comedy,PG,39.36,80.15
Another Stakeout,7/23/1993,1993,Comedy,PG-13,20.11,40.94
The Joy Luck Club,9/8/1993,1993,Drama,R,32.79,66.77
Money for Nothing,9/10/1993,1993,Comedy,R,1.04,2.13
The Program,9/24/1993,1993,Action,R,23.04,46.92
Cool Runnings,10/1/1993,1993,Comedy,PG,68.86,140.39
The Nightmare Before Christmas,10/13/1993,1993,Musical,PG,50.41,100.03
The Three Musketeers,11/12/1993,1993,Adventure,PG,53.66,109.31
Sister Act 2 Back in the Habit,12/10/1993,1993,Comedy,PG,57.32,116.97
Tombstone,12/25/1993,1993,Western,R,56.51,115.78
The Air Up There,1/7/1994,1994,Comedy,PG,20.78,42.94
Cabin Boy,1/7/1994,1994,Comedy,PG-13,3.47,7.17
Iron Will,1/14/1994,1994,Drama,PG,20.62,42.61
Blank Check,2/11/1994,1994,Comedy,PG,30.57,63.17
Angie,3/4/1994,1994,Comedy,R,9.25,19.12
The Ref,3/9/1994,1994,Comedy,R,11.33,23.4
D2: The Mighty Ducks,3/25/1994,1994,Comedy,PG,45.6,94.23
White Fang 2: Myth of the White Wolf,4/15/1994,1994,Adventure,PG,8.75,18.08
The Inkwell,4/22/1994,1994,Comedy,R,8.86,18.32
When a Man Loves a Woman,4/29/1994,1994,Drama,R,50.02,103.35
3 Ninjas Kick Back,5/6/1994,1994,Action,PG,11.74,24.27
Renaissance Man,6/3/1994,1994,Comedy,PG-13,24.17,49.95
The Lion King,6/15/1994,1994,Adventure,G,422.78,761.64
I Love Trouble,6/29/1994,1994,Romantic Comedy,PG,30.81,63.65
Angels in the Outfield,7/15/1994,1994,Comedy,PG,50.24,103.8
In the Army Now,8/12/1994,1994,Comedy,PG,28.88,59.67
Color of Night,8/19/1994,1994,Thriller/Suspense,R,19.75,40.8
Camp Nowhere,8/26/1994,1994,Comedy,PG,10.44,21.58
A Simple Twist of Fate,9/2/1994,1994,Drama,PG-13,3.4,7.04
Quiz Show,9/14/1994,1994,Drama,PG-13,24.79,50.84
Terminal Velocity,9/23/1994,1994,Action,PG-13,16.48,34.05
Ed Wood,9/30/1994,1994,Comedy,R,5.83,12.04
Squanto: A Warrior's Tale,10/28/1994,1994,Drama,PG,3.32,6.86
The Santa Clause,11/11/1994,1994,Comedy,PG,144.83,298.37
A Low Down Dirty Shame,11/23/1994,1994,Action,R,29.32,60.32
The Jungle Book,12/25/1994,1994,Adventure,PG,44.34,88.93
Houseguest,1/6/1995,1995,Comedy,PG,26.33,51.02
Bad Company,1/20/1995,1995,Thriller/Suspense,R,3.52,6.83
Miami Rhapsody,1/27/1995,1995,Romantic Comedy,PG-13,5.09,9.86
The Jerky Boys,2/3/1995,1995,Comedy,R,7.56,14.64
Heavy Weights,2/17/1995,1995,Comedy,PG,17.67,34.25
Man of the House,3/3/1995,1995,Comedy,PG,40.03,77.57
Roommates,3/3/1995,1995,Comedy,PG,12.08,23.4
Tall Tale,3/24/1995,1995,Western,PG,8.25,15.98
A Pyromaniac's Love Story,3/28/1995,1995,Romantic Comedy,PG,0.47,0.91
Funny Bones,3/31/1995,1995,Comedy,R,0.53,1.03
Jefferson in Paris,3/31/1995,1995,Drama,PG-13,2.46,4.77
A Goofy Movie,4/7/1995,1995,Comedy,G,35.34,68.48
While You Were Sleeping,4/21/1995,1995,Romantic Comedy,PG,81.06,157.08
Crimson Tide,5/12/1995,1995,Action,R,91.39,177.1
Mad Love,5/26/1995,1995,Drama,PG-13,15.45,29.93
Pocahontas,6/10/1995,1995,Adventure,G,141.58,274.37
Judge Dredd,6/30/1995,1995,Action,R,34.69,67.22
Operation Dumbo Drop,7/28/1995,1995,Adventure,PG,24.67,47.81
A Kid in King Arthur's Court,8/11/1995,1995,Adventure,PG,13.41,25.98
Dangerous Minds,8/11/1995,1995,Drama,R,84.92,164.55
The Tie That Binds,9/8/1995,1995,Thriller/Suspense,R,5.76,11.17
Unstrung Heroes,9/15/1995,1995,Drama,PG,7.93,15.37
The Big Green,9/29/1995,1995,Comedy,PG,17.74,34.37
Dead Presidents,10/4/1995,1995,Drama,R,24.12,46.74
The Scarlet Letter,10/13/1995,1995,Drama,R,10.36,20.08
Feast of July,10/13/1995,1995,Drama,R,0.29,0.57
Powder,10/27/1995,1995,Drama,PG-13,30.83,59.73
Toy Story,11/22/1995,1995,Adventure,G,191.8,370.41
Father of the Bride Part II,12/8/1995,1995,Comedy,PG,76.58,147.66
Nixon,12/20/1995,1995,Drama,R,13.67,26.3
Tom and Huck,12/22/1995,1995,Adventure,PG,23.84,45.91
Mr. Holland's Opus,12/29/1995,1995,Drama,PG,82.58,157.51
White Squall,2/2/1996,1996,Adventure,PG-13,10.23,19.51
Muppet Treasure Island,2/16/1996,1996,Adventure,G,34.33,65.47
Mr. Wrong,2/16/1996,1996,Romantic Comedy,PG-13,12.81,24.42
Before and After,2/23/1996,1996,Drama,PG-13,8.64,16.48
Up Close & Personal,3/1/1996,1996,Drama,PG-13,51.05,97.36
Homeward Bound II: Lost in San Francisco,3/8/1996,1996,Adventure,G,32.71,62.38
Two Much,3/15/1996,1996,Romantic Comedy,PG-13,1.08,2.06
Un indien dans la ville,3/22/1996,1996,Comedy,PG,1.03,1.96
James and the Giant Peach,4/12/1996,1996,Adventure,PG,28.92,55.16
Celtic Pride,4/19/1996,1996,Comedy,PG-13,9.24,17.62
Last Dance,5/3/1996,1996,Drama,R,5.86,11.17
Boys,5/10/1996,1996,Drama,PG-13,21.93,41.83
Spy Hard,5/24/1996,1996,Comedy,PG-13,26.94,51.37
Eddie,5/31/1996,1996,Comedy,PG-13,31.37,59.83
The Rock,6/7/1996,1996,Action,R,134.07,255.7
The Hunchback of Notre Dame,6/21/1996,1996,Adventure,G,100.14,190.99
Phenomenon,7/5/1996,1996,Drama,PG,104.64,199.56
Kazaam,7/17/1996,1996,Comedy,PG,18.88,36.01
Jack,8/9/1996,1996,Drama,PG-13,58.62,111.79
First Kid,8/30/1996,1996,Comedy,PG,26.47,50.47
The Rich Man's Wife,9/13/1996,1996,Thriller/Suspense,R,8.54,16.28
D3: The Mighty Ducks,10/4/1996,1996,Comedy,PG,22.94,43.71
The Associate,10/25/1996,1996,Comedy,PG-13,12.77,24.33
Ransom,11/8/1996,1996,Action,R,136.49,259.81
101 Dalmatians,11/27/1996,1996,Comedy,G,136.19,258.73
The Preacher's Wife,12/13/1996,1996,Drama,PG,48.1,91.08
Evita,12/25/1996,1996,Musical,PG,50.05,92.08
Metro,1/17/1997,1997,Action,R,32.02,58.8
Prefontaine,1/24/1997,1997,Drama,PG-13,0.59,1.09
Shadow Conspiracy,1/31/1997,1997,Thriller/Suspense,R,2.15,3.96
That Darn Cat,2/14/1997,1997,Comedy,PG,18.3,33.61
Jungle 2 Jungle,3/7/1997,1997,Comedy,PG,59.93,110.06
The Sixth Man,3/28/1997,1997,Comedy,PG-13,14.77,27.12
Grosse Pointe Blank,4/11/1997,1997,Comedy,R,28.08,51.58
Romy and Michele's High School Reunion,4/25/1997,1997,Comedy,R,29.24,53.69
Gone Fishin',5/30/1997,1997,Comedy,PG,19.75,36.27
Con Air,6/6/1997,1997,Action,R,101.12,185.71
Hercules,6/13/1997,1997,Adventure,G,99.11,182.03
George Of The Jungle,7/16/1997,1997,Comedy,PG,105.26,193.33
Nothing To Lose,7/18/1997,1997,Comedy,R,44.48,81.69
Air Bud,8/1/1997,1997,Comedy,PG,24.65,45.27
G.I. Jane,8/22/1997,1997,Drama,R,48.17,88.47
A Thousand Acres,9/19/1997,1997,Drama,R,7.93,14.56
Washington Square,10/5/1997,1997,Drama,PG,1.78,3.26
Rocket Man,10/10/1997,1997,Comedy,PG,15.45,28.37
Playing God,10/17/1997,1997,Thriller/Suspense,R,4.17,7.65
Flubber,11/26/1997,1997,Comedy,PG,92.99,170.41
Mr. Magoo,12/25/1997,1997,Comedy,PG,21.44,39.15
Kundun,12/25/1997,1997,Drama,PG-13,5.69,10.24
Deep Rising,1/30/1998,1998,Action,R,11.2,20.14
Krippendorf's Tribe,2/27/1998,1998,Comedy,PG-13,7.57,13.61
An Alan Smithee Film: Burn Hollywood…,2/27/1998,1998,Comedy,R,0.05,0.08
Meet the Deedles,3/27/1998,1998,Comedy,PG,4.36,7.83
He Got Game,5/1/1998,1998,Drama,R,21.57,38.77
The Horse Whisperer,5/15/1998,1998,Drama,PG-13,75.38,135.5
"Six Days, Seven Nights",6/12/1998,1998,Romantic Comedy,PG-13,74.34,133.62
Mulan,6/19/1998,1998,Adventure,G,120.62,216.81
Armageddon,7/1/1998,1998,Adventure,PG-13,201.58,362.32
Jane Austen's Mafia,7/24/1998,1998,Comedy,PG-13,19.84,35.67
The Parent Trap,7/29/1998,1998,Comedy,PG,66.31,119.19
Firelight,9/4/1998,1998,Drama,R,0.78,1.41
Simon Birch,9/11/1998,1998,Drama,PG,18.25,32.81
Holy Man,10/9/1998,1998,Comedy,PG,12.07,21.69
Beloved,10/16/1998,1998,Drama,R,22.85,41.06
The Waterboy,11/6/1998,1998,Comedy,PG-13,161.49,288.69
I'll Be Home For Christmas,11/13/1998,1998,Comedy,PG,12.21,21.94
Enemy of the State,11/20/1998,1998,Action,R,111.55,198.47
A Bug's Life,11/20/1998,1998,Adventure,G,162.8,288.98
Rushmore,12/11/1998,1998,Comedy,R,17.11,28.39
Mighty Joe Young,12/25/1998,1998,Adventure,PG,50.63,87.91
A Civil Action,12/25/1998,1998,Drama,PG-13,56.71,94.14
My Favorite Martian,2/12/1999,1999,Comedy,PG,36.85,61.15
The Other Sister,2/26/1999,1999,Romantic Comedy,PG-13,27.81,46.15
Doug's 1st Movie,3/26/1999,1999,Adventure,G,19.42,32.23
Ten Things I Hate About You,3/31/1999,1999,Romantic Comedy,PG-13,38.18,63.35
Instinct,6/4/1999,1999,Drama,R,34.11,56.6
Tarzan,6/16/1999,1999,Adventure,G,171.09,283.9
Summer of Sam,7/2/1999,1999,Drama,R,19.29,32.01
Inspector Gadget,7/23/1999,1999,Comedy,PG,97.39,161.61
The Sixth Sense,8/6/1999,1999,Thriller/Suspense,PG-13,293.51,485.42
The 13th Warrior,8/27/1999,1999,Action,R,32.7,54.26
Breakfast of Champions,9/17/1999,1999,Comedy,R,0.18,0.3
Mumford,9/24/1999,1999,Comedy,R,4.56,7.57
"Mystery, Alaska",10/1/1999,1999,Comedy,R,8.89,14.76
The Straight Story,10/15/1999,1999,Drama,G,6.2,10.11
The Insider,11/5/1999,1999,Drama,R,28.97,47.79
Toy Story 2,11/19/1999,1999,Adventure,G,245.85,404.45
Cradle Will Rock,12/8/1999,1999,Drama,R,2.9,4.61
Deuce Bigalow: Male Gigolo,12/10/1999,1999,Comedy,R,65.54,106.92
Bicentennial Man,12/17/1999,1999,Drama,PG,58.22,94.84
Play it to the Bone,12/24/1999,1999,Comedy,R,8.43,13.18
Fantasia 2000 (IMAX),1/1/2000,2000,Musical,G,60.51,94.85
Gun Shy,2/4/2000,2000,Comedy,R,1.64,2.56
The Tigger Movie,2/11/2000,2000,Adventure,G,45.54,71.23
Mission to Mars,3/10/2000,2000,Adventure,PG,60.87,95.21
High Fidelity,3/31/2000,2000,Comedy,R,27.28,42.66
Keeping the Faith,4/14/2000,2000,Romantic Comedy,PG-13,37.04,57.93
Dinosaur,5/19/2000,2000,Adventure,PG,137.75,215.44
Shanghai Noon,5/26/2000,2000,Western,PG-13,56.93,89.04
Gone in 60 Seconds,6/9/2000,2000,Action,PG-13,101.64,158.97
Fantasia 2000 (Theatrical Release),6/16/2000,2000,Musical,G,9.1,14.24
The Kid,7/7/2000,2000,Comedy,PG,69.69,108.99
Coyote Ugly,8/4/2000,2000,Drama,PG-13,60.79,95.07
The Crew,8/25/2000,2000,Comedy,PG-13,13.02,20.36
Duets,9/15/2000,2000,Drama,R,4.73,7.4
Remember the Titans,9/29/2000,2000,Drama,PG,115.65,180.74
102 Dalmatians,11/22/2000,2000,Comedy,G,66.94,104.06
Unbreakable,11/22/2000,2000,Thriller/Suspense,PG-13,95,148.21
The Emperor's New Groove,12/15/2000,2000,Adventure,G,89.3,136.79
"O Brother, Where Art Thou?",12/22/2000,2000,Comedy,PG-13,45.51,67.92
Double Take,1/12/2001,2001,Action,PG-13,29.82,44.42
Recess: School's Out,2/16/2001,2001,Comedy,G,36.7,54.66
Just Visiting,4/6/2001,2001,Comedy,PG-13,4.78,7.11
Pearl Harbor,5/25/2001,2001,Action,PG-13,198.54,295.71
Atlantis: The Lost Empire,6/8/2001,2001,Adventure,PG,84.05,125.19
crazy/beautiful,6/29/2001,2001,Drama,PG-13,16.93,25.21
The Princess Diaries,8/3/2001,2001,Comedy,G,108.24,161.22
Bubble Boy,8/24/2001,2001,Comedy,PG-13,5,7.45
Max Keeble's Big Move,10/5/2001,2001,Comedy,PG,17.29,25.75
Corky Romano,10/12/2001,2001,Comedy,PG-13,23.98,35.71
"Monsters, Inc.",11/2/2001,2001,Adventure,G,289.42,416.07
Out Cold,11/21/2001,2001,Comedy,PG-13,13.91,20.7
The Royal Tenenbaums,12/14/2001,2001,Comedy,R,52.35,76.76
Beauty and the Beast (IMAX),1/1/2002,2002,Musical,G,25.49,36.98
Snow Dogs,1/18/2002,2002,Comedy,PG,81.15,117.75
The Count of Monte Cristo,1/25/2002,2002,Drama,PG-13,54.23,78.68
Peter Pan: Return to Neverland,2/15/2002,2002,Adventure,G,48.43,70.27
Reign of Fire,2/19/2002,2002,Action,PG-13,43.06,62.48
Sorority Boys,3/22/2002,2002,Comedy,R,10.2,14.8
The Rookie,3/29/2002,2002,Drama,G,75.6,109.69
Big Trouble,4/5/2002,2002,Comedy,PG-13,7.26,10.54
Bad Company,6/7/2002,2002,Action,PG-13,30.16,43.76
Lilo & Stitch,6/21/2002,2002,Adventure,PG,145.77,211.51
The Country Bears,7/26/2002,2002,Adventure,G,16.99,24.65
Signs,8/2/2002,2002,Thriller/Suspense,PG-13,227.97,330.75
Sen to Chihiro no Kamikakushi,9/20/2002,2002,Adventure,PG,10.05,14.34
Sweet Home Alabama,9/27/2002,2002,Comedy,PG-13,127.21,184.52
Moonlight Mile,9/27/2002,2002,Drama,PG-13,6.83,9.91
Tuck Everlasting,10/11/2002,2002,Drama,PG,19.16,27.79
The Santa Clause 2,11/1/2002,2002,Comedy,G,139.23,201.96
Treasure Planet,11/27/2002,2002,Adventure,PG,38.12,55.19
The Hot Chick,12/13/2002,2002,Comedy,PG-13,35.08,50.62
25th Hour,12/19/2002,2002,Drama,R,13.08,18.33
The Recruit,1/31/2003,2003,Thriller/Suspense,PG-13,52.78,73.79
Shanghai Knights,2/7/2003,2003,Adventure,PG-13,60.47,84.54
The Jungle Book 2,2/14/2003,2003,Adventure,G,47.9,66.97
Bringing Down the House,3/7/2003,2003,Comedy,PG-13,132.68,185.48
Piglet's Big Movie,3/21/2003,2003,Comedy,G,23.1,32.3
Holes,4/18/2003,2003,Drama,PG,67.38,94.2
The Lizzie McGuire Movie,5/2/2003,2003,Comedy,PG,42.73,59.74
Finding Nemo,5/30/2003,2003,Adventure,G,380.53,518.15
Pirates of the Caribbean: The Curse…,7/9/2003,2003,Adventure,PG-13,305.41,426.97
Freaky Friday,8/6/2003,2003,Comedy,PG,110.22,154.09
Open Range,8/15/2003,2003,Western,R,58.33,81.55
Cold Creek Manor,9/19/2003,2003,Thriller/Suspense,R,21.38,29.9
Under the Tuscan Sun,9/26/2003,2003,Comedy,PG-13,43.6,60.94
Veronica Guerin,10/17/2003,2003,Drama,R,1.57,2.19
Brother Bear,10/24/2003,2003,Adventure,G,85.34,119.22
The Haunted Mansion,11/26/2003,2003,Comedy,PG,75.82,105.78
Calendar Girls,12/19/2003,2003,Comedy,PG-13,31.01,42.38
Young Black Stallion,12/25/2003,2003,Adventure,G,6.75,9.25
