city,highway,emissions,displacement,year,make,model,powertrain,category,subcategory
19.3663,26,404,3.5,2020,Acura,MDX AWD,Gasoline,SUV/Van,Small Sport Utility Vehicle 4WD
19.22,24.6935,415,3.5,2020,Acura,MDX AWD A-SPEC,Gasoline,SUV/Van,Small Sport Utility Vehicle 4WD
20,27,387,3.5,2020,Acura,MDX FWD,Gasoline,SUV/Van,Small Sport Utility Vehicle 2WD
26,27.1955,333,3,2020,Acura,MDX Hybrid AWD,Hybrid,SUV/Van,Small Sport Utility Vehicle 4WD
21.3942,27.4851,385,2,2020,Acura,RDX AWD,Gasoline,SUV/Van,Small Sport Utility Vehicle 4WD
20.9627,25.9065,385,2,2020,Acura,RDX AWD A-SPEC,Gasoline,SUV/Van,Small Sport Utility Vehicle 4WD
22.2521,28.2546,370,2,2020,Acura,RDX FWD,Gasoline,SUV/Van,Small Sport Utility Vehicle 2WD
21.5376,26.8377,374,2,2020,Acura,RDX FWD A-SPEC,Gasoline,SUV/Van,Small Sport Utility Vehicle 2WD
19.8767,29.1471,383,3.5,2020,Acura,RLX,Gasoline,Car,Midsize Cars
28,29.2106,316,3.5,2020,Acura,RLX Hybrid,Hybrid,Car,Midsize Cars
19.7418,28.9902,384,3.5,2020,Acura,TLX AWD,Gasoline,Car,Compact Cars
19.585,28.7014,387,3.5,2020,Acura,TLX AWD A-SPEC,Gasoline,Car,Compact Cars
23.421,33.1566,330,2.4,2020,Acura,TLX FWD,Gasoline,Car,Compact Cars
19.8788,31.2431,374,3.5,2020,Acura,TLX FWD,Gasoline,Car,Compact Cars
23.068,31.8845,336,2.4,2020,Acura,TLX FWD A-SPEC,Gasoline,Car,Compact Cars
19.6583,30.1602,382,3.5,2020,Acura,TLX FWD A-SPEC,Gasoline,Car,Compact Cars
24.2492,34.3275,317,1.8,2020,Alfa Romeo,4C,Gasoline,TwoSeater,Two Seaters
23.5969,32.63,330,2,2020,Alfa Romeo,Giulia,Gasoline,Car,Midsize Cars
17.45,25.4128,436,2.9,2020,Alfa Romeo,Giulia,Gasoline,Car,Midsize Cars
22.5005,30.6012,348,2,2020,Alfa Romeo,Giulia AWD,Gasoline,Car,Midsize Cars
22,29.1922,359,2,2020,Alfa Romeo,Stelvio,Gasoline,SUV/Van,Small Sport Utility Vehicle 2WD
16.9285,22.7798,463,2.9,2020,Alfa Romeo,Stelvio AWD,Gasoline,SUV/Van,Small Sport Utility Vehicle 4WD
21.8596,28.4782,364,2,2020,Alfa Romeo,Stelvio AWD,Gasoline,SUV/Van,Small Sport Utility Vehicle 4WD
15.2211,22.1756,497,5.2,2020,Aston Martin,DB11 V12,Gasoline,Small Car,Minicompact Cars
18.1323,24.1217,431,4,2020,Aston Martin,DB11 V8,Gasoline,Small Car,Minicompact Cars
14.3728,22.0071,522,5.2,2020,Aston Martin,DBS,Gasoline,Small Car,Minicompact Cars
17.9972,24.4274,435,4,2020,Aston Martin,Vantage V8,Gasoline,TwoSeater,Two Seaters
26.6201,36.0744,293,2,2020,Audi,A3,Gasoline,Small Car,Subcompact Cars
21.8953,29.5104,359,2,2020,Audi,A3 Cabriolet quattro,Gasoline,Small Car,Subcompact Cars
21.8953,29.5104,359,2,2020,Audi,A3 quattro,Gasoline,Small Car,Subcompact Cars
24.0885,31.7289,329,2,2020,Audi,A6 quattro,Hybrid,Car,Midsize Cars
19.15,27.3058,399,2,2020,Audi,Q3 quattro,Gasoline,SUV/Van,Small Sport Utility Vehicle 4WD
21.9096,27.9866,364,2,2020,Audi,Q5,Gasoline,SUV/Van,Small Sport Utility Vehicle 4WD
13.469,20.4562,556,5.2,2020,Audi,R8 AWD,Gasoline,TwoSeater,Two Seaters
13.469,20.4562,556,5.2,2020,Audi,R8 Spyder AWD,Gasoline,TwoSeater,Two Seaters
21.8934,29.2622,358,2,2020,Audi,S3,Gasoline,Small Car,Subcompact Cars
22.9796,30.9611,340,2,2020,Audi,TT Coupe quattro,Gasoline,Small Car,Subcompact Cars
22.9796,30.9611,340,2,2020,Audi,TT Roadster quattro,Gasoline,TwoSeater,Two Seaters
22.706,28.6469,354,2,2020,Audi,TTS Coupe,Gasoline,Small Car,Subcompact Cars
14.3579,23.23,508,4,2020,Bentley,Bentayga,Gasoline,SUV/Van,Standard Sport Utility Vehicle 4WD
15.5755,25.8394,469,4,2020,Bentley,Continental GT,Gasoline,Small Car,Subcompact Cars
15.5755,25.8394,469,4,2020,Bentley,Continental GT Convertible,Gasoline,Small Car,Minicompact Cars
23.1552,34.129,327,2,2020,BMW,230i Convertible,Gasoline,Small Car,Subcompact Cars
24.3964,31.8706,324,2,2020,BMW,230i Coupe,Gasoline,Small Car,Subcompact Cars
21.0281,32.232,356,2,2020,BMW,230i Coupe,Gasoline,Small Car,Subcompact Cars
20.9083,30.6152,361,2,2020,BMW,230i xDrive Convertible,Gasoline,Small Car,Subcompact Cars
20.9083,30.6152,361,2,2020,BMW,230i xDrive Coupe,Gasoline,Small Car,Subcompact Cars
26.0923,35.5251,299,2,2020,BMW,330i,Gasoline,Car,Compact Cars
24.7368,34.2453,313,2,2020,BMW,330i xDrive,Gasoline,Car,Compact Cars
23.1552,34.129,327,2,2020,BMW,430i Convertible,Gasoline,Small Car,Subcompact Cars
23.1552,34.129,327,2,2020,BMW,430i Coupe,Gasoline,Car,Compact Cars
21.1794,33.2798,351,2,2020,BMW,430i Coupe,Gasoline,Car,Compact Cars
23.1552,34.129,327,2,2020,BMW,430i Gran Coupe,Gasoline,Car,Compact Cars
22.0768,32.179,344,2,2020,BMW,430i xDrive Convertible,Gasoline,Small Car,Subcompact Cars
20.9083,30.6152,361,2,2020,BMW,430i xDrive Coupe,Gasoline,Car,Compact Cars
20.9083,30.6152,361,2,2020,BMW,430i xDrive Gran Coupe,Gasoline,Car,Compact Cars
21.5663,29.3784,361,3,2020,BMW,440i Convertible,Gasoline,Small Car,Subcompact Cars
22.0893,29.7584,353,3,2020,BMW,440i Coupe,Gasoline,Car,Compact Cars
18.5683,27.1759,408,3,2020,BMW,440i Coupe,Gasoline,Car,Compact Cars
22.0893,29.7584,353,3,2020,BMW,440i Gran Coupe,Gasoline,Car,Compact Cars
19.5279,27.669,394,3,2020,BMW,440i xDrive Convertible,Gasoline,Small Car,Subcompact Cars
21.7174,30.1495,356,3,2020,BMW,440i xDrive Coupe,Gasoline,Car,Compact Cars
18.117,27.6475,412,3,2020,BMW,440i xDrive Coupe,Gasoline,Car,Compact Cars
21.7174,30.1495,356,3,2020,BMW,440i xDrive Gran Coupe,Gasoline,Car,Compact Cars
24.7865,30.5383,170,2,2020,BMW,530e,Plug-in Hybrid,Car,Compact Cars
22.8497,29.2106,193,2,2020,BMW,530e xDrive,Plug-in Hybrid,Car,Compact Cars
25.0604,32.7052,316,2,2020,BMW,530i,Gasoline,Car,Midsize Cars
23.6661,31.4118,332,2,2020,BMW,530i xDrive,Gasoline,Car,Midsize Cars
22.3233,30.4494,350,3,2020,BMW,540i,Gasoline,Car,Midsize Cars
21.803,29.0602,359,3,2020,BMW,540i xDrive,Gasoline,Car,Midsize Cars
21.5663,29.3784,361,3,2020,BMW,740i,Gasoline,Car,Large Cars
19.5279,27.669,394,3,2020,BMW,740i xDrive,Gasoline,Car,Large Cars
19.2824,25.9409,245,3,2020,BMW,745e xDrive,Plug-in Hybrid,Car,Large Cars
16.8538,24.5623,449,4.4,2020,BMW,750i xDrive,Gasoline,Car,Large Cars
21.6922,29.022,361,3,2020,BMW,840i Convertible,Gasoline,Small Car,Subcompact Cars
22.7495,29.8444,347,3,2020,BMW,840i Coupe,Gasoline,Small Car,Subcompact Cars
21.6922,29.022,361,3,2020,BMW,840i Gran Coupe,Gasoline,Car,Midsize Cars
20.3053,26.5175,388,3,2020,BMW,840i xDrive Convertible,Gasoline,Small Car,Subcompact Cars
20.8185,26.9699,380,3,2020,BMW,840i xDrive Coupe,Gasoline,Small Car,Subcompact Cars
20.3053,26.5175,388,3,2020,BMW,840i xDrive Gran Coupe,Gasoline,Car,Midsize Cars
16.8285,24.5099,450,4.4,2020,BMW,Alpina B7,Gasoline,Car,Large Cars
17.5562,24.6374,440,3,2020,BMW,M2 Competition Coupe,Gasoline,Small Car,Subcompact Cars
16.5137,22.6777,471,3,2020,BMW,M2 Competition Coupe,Gasoline,Small Car,Subcompact Cars
22.0893,29.7584,353,3,2020,BMW,M240i Convertible,Gasoline,Small Car,Subcompact Cars
18.5683,27.1759,408,3,2020,BMW,M240i Convertible,Gasoline,Small Car,Subcompact Cars
22.0893,29.7584,353,3,2020,BMW,M240i Coupe,Gasoline,Small Car,Subcompact Cars
18.5683,27.1759,408,3,2020,BMW,M240i Coupe,Gasoline,Small Car,Subcompact Cars
22.0893,29.7584,353,3,2020,BMW,M240i Coupe M Performance,Gasoline,Small Car,Subcompact Cars
18.5683,27.1759,408,3,2020,BMW,M240i Coupe M Performance,Gasoline,Small Car,Subcompact Cars
21.7174,30.1495,356,3,2020,BMW,M240i xDrive Convertible,Gasoline,Small Car,Subcompact Cars
21.7174,30.1495,356,3,2020,BMW,M240i xDrive Coupe,Gasoline,Small Car,Subcompact Cars
21.7174,30.1495,356,3,2020,BMW,M240i xDrive Coupe M Performance,Gasoline,Small Car,Subcompact Cars
22.0893,29.7584,353,3,2020,BMW,M340i,Gasoline,Car,Compact Cars
21.7174,30.1495,356,3,2020,BMW,M340i xDrive,Gasoline,Car,Compact Cars
16.994,24.9135,450,3,2020,BMW,M4 Convertible,Gasoline,Small Car,Subcompact Cars
16.2127,22.3629,481,3,2020,BMW,M4 Convertible,Gasoline,Small Car,Subcompact Cars
16.994,24.9135,450,3,2020,BMW,M4 Convertible Competition,Gasoline,Small Car,Subcompact Cars
16.2127,22.3629,481,3,2020,BMW,M4 Convertible Competition,Gasoline,Small Car,Subcompact Cars
17.5562,24.6374,440,3,2020,BMW,M4 Coupe,Gasoline,Car,Compact Cars
16.5137,22.6777,471,3,2020,BMW,M4 Coupe,Gasoline,Car,Compact Cars
17.5562,24.6374,440,3,2020,BMW,M4 Coupe Competition,Gasoline,Car,Compact Cars
16.5137,22.6777,471,3,2020,BMW,M4 Coupe Competition,Gasoline,Car,Compact Cars
16.5137,22.6777,471,3,2020,BMW,M4 CS,Gasoline,Car,Compact Cars
14.6505,21.4423,518,4.4,2020,BMW,M5,Gasoline,Car,Midsize Cars
14.6505,21.4423,518,4.4,2020,BMW,M5 Competition,Gasoline,Car,Midsize Cars
17.5175,25.3886,435,4.4,2020,BMW,M550i xDrive,Gasoline,Car,Midsize Cars
13.2097,19.7595,570,6.6,2020,BMW,M760i xDrive,Gasoline,Car,Large Cars
14.6505,21.4423,518,4.4,2020,BMW,M8 Competition Convertible,Gasoline,Small Car,Subcompact Cars
14.6505,21.4423,518,4.4,2020,BMW,M8 Competition Coupe,Gasoline,Small Car,Subcompact Cars
14.6505,21.4423,518,4.4,2020,BMW,M8 Convertible,Gasoline,Small Car,Subcompact Cars
14.6505,21.4423,518,4.4,2020,BMW,M8 Coupe,Gasoline,Small Car,Subcompact Cars
14.6505,21.4423,518,4.4,2020,BMW,M8 Gran Coupe,Gasoline,Car,Midsize Cars
16.8285,24.5099,450,4.4,2020,BMW,M850i xDrive Convertible,Gasoline,Small Car,Subcompact Cars
17.5175,25.3886,435,4.4,2020,BMW,M850i xDrive Coupe,Gasoline,Small Car,Subcompact Cars
16.8285,24.5099,450,4.4,2020,BMW,M850i xDrive Gran Coupe,Gasoline,Car,Midsize Cars
23.967,32.5109,327,2,2020,BMW,X1 sDrive28i,Gasoline,Car,Large Cars
22.8619,30.5553,342,2,2020,BMW,X1 xDrive28i,Gasoline,Car,Large Cars
23.4744,30.3404,338,2,2020,BMW,X2 M35i,Gasoline,Car,Midsize Cars
23.7464,31.7027,330,2,2020,BMW,X2 sDrive28i,Gasoline,Car,Midsize Cars
23.7985,31.0512,332,2,2020,BMW,X2 xDrive28i,Gasoline,Car,Midsize Cars
14.1745,19.4938,546,3,2020,BMW,X3 M,Gasoline,SUV/Van,Small Sport Utility Vehicle 4WD
14.1745,19.4938,546,3,2020,BMW,X3 M Competition,Gasoline,SUV/Van,Small Sport Utility Vehicle 4WD
20.7457,26.9818,379,3,2020,BMW,X3 M40i,Gasoline,SUV/Van,Small Sport Utility Vehicle 4WD
24.7198,29.256,332,2,2020,BMW,X3 sDrive30i,Gasoline,SUV/Van,Small Sport Utility Vehicle 2WD
23.5799,28.7445,345,2,2020,BMW,X3 xDrive30i,Gasoline,SUV/Van,Small Sport Utility Vehicle 4WD
14.1745,19.4938,546,3,2020,BMW,X4 M,Gasoline,SUV/Van,Small Sport Utility Vehicle 4WD
14.1745,19.4938,546,3,2020,BMW,X4 M Competition,Gasoline,SUV/Van,Small Sport Utility Vehicle 4WD
20.7457,26.9818,379,3,2020,BMW,X4 M40i,Gasoline,SUV/Van,Small Sport Utility Vehicle 4WD
22.7466,28.3556,356,2,2020,BMW,X4 xDrive30i,Gasoline,SUV/Van,Small Sport Utility Vehicle 4WD
16.0293,21.5916,487,4.4,2020,BMW,X5 M50i,Gasoline,SUV/Van,Standard Sport Utility Vehicle 4WD
20.5856,25.6345,390,3,2020,BMW,X5 sDrive40i,Gasoline,SUV/Van,Standard Sport Utility Vehicle 2WD
20.0301,25.8247,396,3,2020,BMW,X5 xDrive40i,Gasoline,SUV/Van,Standard Sport Utility Vehicle 4WD
16.0293,21.5916,487,4.4,2020,BMW,X5 xDrive50i,Gasoline,SUV/Van,Standard Sport Utility Vehicle 4WD
16.0293,21.5916,487,4.4,2020,BMW,X6 M50i,Gasoline,SUV/Van,Standard Sport Utility Vehicle 4WD
20.5856,25.6345,390,3,2020,BMW,X6 sDrive40i,Gasoline,SUV/Van,Standard Sport Utility Vehicle 2WD
20.0301,25.8247,396,3,2020,BMW,X6 xDrive40i,Gasoline,SUV/Van,Standard Sport Utility Vehicle 4WD
15.2095,20.6738,511,4.4,2020,BMW,X7 M50i,Gasoline,SUV/Van,Standard Sport Utility Vehicle 4WD
19.6583,25.0863,409,3,2020,BMW,X7 xDrive40i,Gasoline,SUV/Van,Standard Sport Utility Vehicle 4WD
15.2095,20.6738,511,4.4,2020,BMW,X7 xDrive50i,Gasoline,SUV/Van,Standard Sport Utility Vehicle 4WD
23.7377,30.6012,334,3,2020,BMW,Z4 M40i,Gasoline,TwoSeater,Two Seaters
24.3964,31.8706,324,2,2020,BMW,Z4 sDrive30i,Gasoline,TwoSeater,Two Seaters
17.3841,24.5615,443,3.6,2020,Buick,Enclave AWD,Gasoline,SUV/Van,Standard Sport Utility Vehicle 4WD
18.0431,26,420,3.6,2020,Buick,Enclave FWD,Gasoline,SUV/Van,Standard Sport Utility Vehicle 2WD
23.5971,29.3594,344,1.4,2020,Buick,Encore AWD,Gasoline,SUV/Van,Small Sport Utility Vehicle 4WD
24.9259,30.0071,329,1.4,2020,Buick,Encore FWD,Gasoline,SUV/Van,Small Sport Utility Vehicle 2WD
21.2505,27.3565,377,2.5,2020,Buick,Envision AWD,Gasoline,SUV/Van,Small Sport Utility Vehicle 4WD
20.1581,24.9644,402,2,2020,Buick,Envision AWD,Gasoline,SUV/Van,Small Sport Utility Vehicle 4WD
22.0382,28.9871,359,2.5,2020,Buick,Envision FWD,Gasoline,SUV/Van,Small Sport Utility Vehicle 2WD
22.4579,31.9039,343,2,2020,Buick,Regal,Gasoline,Car,Midsize Cars
21.3942,29.401,365,2,2020,Buick,Regal AWD,Gasoline,Car,Midsize Cars
18.7801,26.5822,411,3.6,2020,Buick,Regal AWD,Gasoline,Car,Midsize Cars
21.3942,29.401,365,2,2020,Buick,Regal TourX AWD,Gasoline,Wagon,Small Station Wagons
73.15,71.26,0,NA,2020,BYD,e6,EV,SUV/Van,Small Sport Utility Vehicle 2WD
18.1116,26.7093,420,3.6,2020,Cadillac,CT6 AWD,Gasoline,Car,Large Cars
14.3609,22.5804,517,6.2,2020,Cadillac,Escalade 2WD,Gasoline,SUV/Van,Standard Sport Utility Vehicle 2WD
14.0581,21.1768,537,6.2,2020,Cadillac,Escalade 4WD,Gasoline,SUV/Van,Standard Sport Utility Vehicle 4WD
21.5281,28.7586,366,2,2020,Cadillac,XT4 AWD,Gasoline,SUV/Van,Small Sport Utility Vehicle 4WD
24.0184,30.2863,336,2,2020,Cadillac,XT4 FWD,Gasoline,SUV/Van,Small Sport Utility Vehicle 2WD
17.5986,25.1517,434,3.6,2020,Cadillac,XT5 AWD,Gasoline,SUV/Van,Small Sport Utility Vehicle 4WD
18.117,26.3231,420,3.6,2020,Cadillac,XT5 FWD,Gasoline,SUV/Van,Small Sport Utility Vehicle 2WD
17.45,24.3654,446,3.6,2020,Cadillac,XT6 AWD,Gasoline,SUV/Van,Small Sport Utility Vehicle 4WD
17.5243,25.3476,437,3.6,2020,Cadillac,XT6 FWD,Gasoline,SUV/Van,Small Sport Utility Vehicle 2WD
17.9691,24.9555,433,3.6,2020,Chevrolet,Blazer AWD,Gasoline,SUV/Van,Small Sport Utility Vehicle 4WD
20.8524,26.5568,382,2.5,2020,Chevrolet,Blazer FWD,Gasoline,SUV/Van,Small Sport Utility Vehicle 2WD
18.5733,26.4242,414,3.6,2020,Chevrolet,Blazer FWD,Gasoline,SUV/Van,Small Sport Utility Vehicle 2WD
12.8272,21.0054,571,6.2,2020,Chevrolet,Camaro,Gasoline,Small Car,Subcompact Cars
13.5876,19.5137,565,6.2,2020,Chevrolet,Camaro,Gasoline,Small Car,Subcompact Cars
19.8119,29.8992,378,2,2020,Chevrolet,Camaro,Gasoline,Small Car,Subcompact Cars
21.5616,31.0266,353,2,2020,Chevrolet,Camaro,Gasoline,Small Car,Subcompact Cars
16.4215,26.0962,451,3.6,2020,Chevrolet,Camaro,Gasoline,Small Car,Subcompact Cars
18.7434,29,397,3.6,2020,Chevrolet,Camaro,Gasoline,Small Car,Subcompact Cars
16.1628,26.5308,451,6.2,2020,Chevrolet,Camaro,Gasoline,Small Car,Subcompact Cars
15.8028,23.8388,477,6.2,2020,Chevrolet,Camaro,Gasoline,Small Car,Subcompact Cars
19.9494,29.6545,435,2.8,2020,Chevrolet,Colorado 2WD,Diesel,Truck,Small Pickup Trucks 2WD
17.5986,24.5623,440,3.6,2020,Chevrolet,Colorado 2WD,Gasoline,Truck,Small Pickup Trucks 2WD
19.5124,25.6084,406,2.5,2020,Chevrolet,Colorado 2WD,Gasoline,Truck,Small Pickup Trucks 2WD
19.202,27.8418,456,2.8,2020,Chevrolet,Colorado 4WD,Diesel,Truck,Small Pickup Trucks 4WD
16.7787,23.7055,461,3.6,2020,Chevrolet,Colorado 4WD,Gasoline,Truck,Small Pickup Trucks 4WD
18.6302,24.1585,428,2.5,2020,Chevrolet,Colorado 4WD,Gasoline,Truck,Small Pickup Trucks 4WD
17.6452,22.1305,525,2.8,2020,Chevrolet,Colorado ZR2 4WD,Diesel,Truck,Small Pickup Trucks 4WD
15.7274,18.063,532,3.6,2020,Chevrolet,Colorado ZR2 4WD,Gasoline,Truck,Small Pickup Trucks 4WD
25,29.5182,324,1.5,2020,Chevrolet,Equinox AWD,Gasoline,SUV/Van,Small Sport Utility Vehicle 4WD
21.5376,28.4652,367,2,2020,Chevrolet,Equinox AWD,Gasoline,SUV/Van,Small Sport Utility Vehicle 4WD
26.3761,30.6814,315,1.5,2020,Chevrolet,Equinox FWD,Gasoline,SUV/Van,Small Sport Utility Vehicle 2WD
22.3944,29,350,2,2020,Chevrolet,Equinox FWD,Gasoline,SUV/Van,Small Sport Utility Vehicle 2WD
18.7066,27.7421,406,3.6,2020,Chevrolet,Impala,Gasoline,Car,Large Cars
18.4087,27.5715,411,3.6,2020,Chevrolet,Impala,FFV,Car,Large Cars
22.3944,31.6665,344,2,2020,Chevrolet,Malibu,Gasoline,Car,Midsize Cars
28.7189,35.7339,298,1.5,2020,Chevrolet,Malibu,Gasoline,Car,Midsize Cars
15.6519,20.5493,523,4.3,2020,Chevrolet,Silverado 2WD,Gasoline,Truck,Standard Pickup Trucks 2WD
16.9285,23.3764,460,5.3,2020,Chevrolet,Silverado 2WD,Gasoline,Truck,Standard Pickup Trucks 2WD
18.7801,21.8463,422,2.7,2020,Chevrolet,Silverado 2WD,Gasoline,Truck,Standard Pickup Trucks 2WD
23.1035,32.5986,383,3,2020,Chevrolet,Silverado 2WD,Diesel,Truck,Standard Pickup Trucks 2WD
14.8182,20.571,524,5.3,2020,Chevrolet,Silverado 2WD,Gasoline,Truck,Standard Pickup Trucks 2WD
14.7421,18.738,545,5.3,2020,Chevrolet,Silverado 2WD,FFV,Truck,Standard Pickup Trucks 2WD
19.8039,22.9342,421,2.7,2020,Chevrolet,Silverado 2WD,Gasoline,Truck,Standard Pickup Trucks 2WD
17.3756,23.9706,448,5.3,2020,Chevrolet,Silverado 2WD,Gasoline,Truck,Standard Pickup Trucks 2WD
16,22.3997,494,5.3,2020,Chevrolet,Silverado 4WD,Gasoline,Truck,Standard Pickup Trucks 4WD
16.4796,22.1807,477,5.3,2020,Chevrolet,Silverado 4WD,Gasoline,Truck,Standard Pickup Trucks 4WD
18.7801,21.8463,442,2.7,2020,Chevrolet,Silverado 4WD,Gasoline,Truck,Standard Pickup Trucks 4WD
15.6701,19.5964,516,6.2,2020,Chevrolet,Silverado 4WD,Gasoline,Truck,Standard Pickup Trucks 4WD
14.8158,20,525,5.3,2020,Chevrolet,Silverado 4WD,Gasoline,Truck,Standard Pickup Trucks 4WD
14.1477,18.2211,563,5.3,2020,Chevrolet,Silverado 4WD,FFV,Truck,Standard Pickup Trucks 4WD
22.5524,29.2202,405,3,2020,Chevrolet,Silverado 4WD,Diesel,Truck,Standard Pickup Trucks 4WD
18.7744,21.8367,442,2.7,2020,Chevrolet,Silverado 4WD,Gasoline,Truck,Standard Pickup Trucks 4WD
14.942,19.5777,532,4.3,2020,Chevrolet,Silverado 4WD,Gasoline,Truck,Standard Pickup Trucks 4WD
16.1041,21,486,5.3,2020,Chevrolet,Silverado 4WD TrailBoss,Gasoline,Truck,Standard Pickup Trucks 4WD
16.4796,21,494,5.3,2020,Chevrolet,Silverado 4WD TrailBoss,Gasoline,Truck,Standard Pickup Trucks 4WD
14.121,18,561,5.3,2020,Chevrolet,Silverado 4WD TrailBoss,Gasoline,Truck,Standard Pickup Trucks 4WD
14,18,556,4.3,2020,Chevrolet,Silverado 4WD TrailBoss,Gasoline,Truck,Standard Pickup Trucks 4WD
25.6155,34.046,308,1.4,2020,Chevrolet,Sonic,Gasoline,Car,Compact Cars
25.6155,34.046,308,1.4,2020,Chevrolet,Sonic 5,Gasoline,Wagon,Small Station Wagons
29.8084,37.8601,269,1.4,2020,Chevrolet,Spark,Gasoline,Small Car,Subcompact Cars
29.2865,37.6694,273,1.4,2020,Chevrolet,Spark,Gasoline,Small Car,Subcompact Cars
29.2865,37,278,1.4,2020,Chevrolet,Spark ACTIV,Gasoline,Small Car,Subcompact Cars
29.8084,37,269,1.4,2020,Chevrolet,Spark ACTIV,Gasoline,Small Car,Subcompact Cars
14.9703,22.3807,505,5.3,2020,Chevrolet,Suburban C1500 2WD,FFV,SUV/Van,Standard Sport Utility Vehicle 2WD
14.9703,22.3807,505,5.3,2020,Chevrolet,Suburban C1500 2WD,Gasoline,SUV/Van,Standard Sport Utility Vehicle 2WD
14.3609,22.5804,517,6.2,2020,Chevrolet,Suburban C1500 2WD,Gasoline,SUV/Van,Standard Sport Utility Vehicle 2WD
13.9679,20.7205,543,5.3,2020,Chevrolet,Suburban K1500 4WD,FFV,SUV/Van,Standard Sport Utility Vehicle 4WD
13.5947,20.2334,557,6.2,2020,Chevrolet,Suburban K1500 4WD,Gasoline,SUV/Van,Standard Sport Utility Vehicle 4WD
13.8957,20.5022,547,5.3,2020,Chevrolet,Suburban K1500 4WD,Gasoline,SUV/Van,Standard Sport Utility Vehicle 4WD
14.9703,22.3807,505,5.3,2020,Chevrolet,Tahoe C1500 2WD,FFV,SUV/Van,Standard Sport Utility Vehicle 2WD
14.9703,22.3807,505,5.3,2020,Chevrolet,Tahoe C1500 2WD,Gasoline,SUV/Van,Standard Sport Utility Vehicle 2WD
14.3609,22.5804,517,6.2,2020,Chevrolet,Tahoe C1500 2WD,Gasoline,SUV/Van,Standard Sport Utility Vehicle 2WD
14.5946,21.0894,525,5.3,2020,Chevrolet,Tahoe K1500 4WD,Gasoline,SUV/Van,Standard Sport Utility Vehicle 4WD
15.0462,21.2439,513,5.3,2020,Chevrolet,Tahoe K1500 4WD,FFV,SUV/Van,Standard Sport Utility Vehicle 4WD
14.2845,21.6461,527,6.2,2020,Chevrolet,Tahoe K1500 4WD,Gasoline,SUV/Van,Standard Sport Utility Vehicle 4WD
17.4377,24.6803,442,3.6,2020,Chevrolet,Traverse AWD,Gasoline,SUV/Van,Standard Sport Utility Vehicle 4WD
18.0431,26.8407,420,3.6,2020,Chevrolet,Traverse FWD,Gasoline,SUV/Van,Standard Sport Utility Vehicle 2WD
23.5971,29.3594,344,1.4,2020,Chevrolet,Trax AWD,Gasoline,SUV/Van,Small Sport Utility Vehicle 4WD
25.8948,31.1332,316,1.4,2020,Chevrolet,Trax FWD,Gasoline,SUV/Van,Small Sport Utility Vehicle 2WD
18.9954,28.1266,401,3.6,2020,Chrysler,Pacifica,Gasoline,SUV/Van,Minivan - 2WD
29.4158,29.6499,119,3.6,2020,Chrysler,Pacifica Hybrid,Plug-in Hybrid,SUV/Van,Minivan - 2WD
18.9954,28.1266,401,3.6,2020,Chrysler,Voyager,Gasoline,SUV/Van,Minivan - 2WD
18.4483,24.5623,427,3.6,2020,Dodge,Durango AWD,Gasoline,SUV/Van,Standard Sport Utility Vehicle 4WD
14.0551,21.6461,533,5.7,2020,Dodge,Durango AWD,Gasoline,SUV/Van,Standard Sport Utility Vehicle 4WD
18.8533,25.8035,414,3.6,2020,Dodge,Durango RWD,Gasoline,SUV/Van,Standard Sport Utility Vehicle 2WD
14.1316,22.3141,525,5.7,2020,Dodge,Durango RWD,Gasoline,SUV/Van,Standard Sport Utility Vehicle 2WD
12.8619,19.2495,584,6.4,2020,Dodge,Durango SRT AWD,Gasoline,SUV/Van,Standard Sport Utility Vehicle 4WD
15.008,19.7205,524,3.9,2020,Ferrari,488 Pista,Gasoline,TwoSeater,Two Seaters
14.8706,19.3852,531,3.9,2020,Ferrari,488 Pista Spider,Gasoline,TwoSeater,Two Seaters
11.8007,15.8739,661,6.5,2020,Ferrari,812 Superfast,Gasoline,TwoSeater,Two Seaters
14.5949,19.0653,539,3.9,2020,Ferrari,F8 Tributo,Gasoline,TwoSeater,Two Seaters
11.5702,16.5594,661,6.3,2020,Ferrari,GTC4Lusso,Gasoline,Small Car,Minicompact Cars
14.6104,21.2265,524,3.9,2020,Ferrari,GTC4Lusso T,Gasoline,Small Car,Minicompact Cars
15.72,22.4503,485,3.9,2020,Ferrari,Portofino,Gasoline,Small Car,Minicompact Cars
25.3422,36.2115,302,1.4,2020,Fiat,124 Spider,Gasoline,TwoSeater,Two Seaters
26.2388,35.3021,298,1.4,2020,Fiat,124 Spider,Gasoline,TwoSeater,Two Seaters
22.0382,29.7178,356,1.4,2020,Fiat,500 L,Gasoline,Wagon,Small Station Wagons
23.1188,29,355,2,2020,Ford,EcoSport AWD,Gasoline,SUV/Van,Small Sport Utility Vehicle 4WD
27.142,28.9398,318,1,2020,Ford,EcoSport FWD,Gasoline,SUV/Van,Small Sport Utility Vehicle 2WD
20.5857,28,384,2,2020,Ford,Edge AWD,Gasoline,SUV/Van,Small Sport Utility Vehicle 4WD
18.7272,25.5308,417,2.7,2020,Ford,Edge AWD,Gasoline,SUV/Van,Small Sport Utility Vehicle 4WD
20.6019,28,384,2,2020,Ford,Edge AWD,Gasoline,SUV/Van,Small Sport Utility Vehicle 4WD
20.9627,29.0835,369,2,2020,Ford,Edge FWD,Gasoline,SUV/Van,Small Sport Utility Vehicle 2WD
27.4002,33,297,1.5,2020,Ford,Escape FWD,Gasoline,SUV/Van,Small Sport Utility Vehicle 2WD
20.2399,27,386,2.3,2020,Ford,Explorer AWD,Gasoline,SUV/Van,Standard Sport Utility Vehicle 4WD
17.7102,24,446,3,2020,Ford,Explorer AWD,Gasoline,SUV/Van,Standard Sport Utility Vehicle 4WD
16.0289,23,468,3.3,2020,Ford,Explorer FFV AWD,FFV,SUV/Van,Standard Sport Utility Vehicle 4WD
23.3858,26.0636,361,3.3,2020,Ford,Explorer HEV AWD,Hybrid,SUV/Van,Standard Sport Utility Vehicle 4WD
26.5817,29.0835,322,3.3,2020,Ford,Explorer HEV RWD,Hybrid,SUV/Van,Standard Sport Utility Vehicle 2WD
21.2505,28,370,2.3,2020,Ford,Explorer RWD,Gasoline,SUV/Van,Standard Sport Utility Vehicle 2WD
19.9603,28.7195,384,2,2020,Ford,Fusion AWD,Gasoline,Car,Midsize Cars
42.9,40.3,99,2,2020,Ford,Fusion Energi Plug-in Hybrid,Plug-in Hybrid,Car,Midsize Cars
23.491,33.5839,327,1.5,2020,Ford,Fusion FWD,Gasoline,Car,Midsize Cars
21.4659,30.6641,355,2,2020,Ford,Fusion FWD,Gasoline,Car,Midsize Cars
20.8906,30.6012,364,2.5,2020,Ford,Fusion FWD,Gasoline,Car,Midsize Cars
43,41,211,2,2020,Ford,Fusion Hybrid FWD,Hybrid,Car,Midsize Cars
43,40,217,2,2020,Ford,Fusion Hybrid Taxi,Hybrid,Car,Midsize Cars
42.9,40,101,2,2020,Ford,Fusion Special Service PHEV,Plug-in Hybrid,Car,Midsize Cars
21.0861,30.0184,364,2.3,2020,Ford,Mustang,Gasoline,Small Car,Subcompact Cars
21.3827,31.7959,354,2.3,2020,Ford,Mustang,Gasoline,Small Car,Subcompact Cars
15.1032,24,493,5,2020,Ford,Mustang,Gasoline,Small Car,Subcompact Cars
15.6413,25.0714,472,5,2020,Ford,Mustang,Gasoline,Small Car,Subcompact Cars
14.8182,23.2062,503,5,2020,Ford,Mustang Bullitt,Gasoline,Small Car,Subcompact Cars
20,28,386,2.3,2020,Ford,Mustang Convertible,Gasoline,Small Car,Subcompact Cars
19.9153,28,387,2.3,2020,Ford,Mustang Convertible,Gasoline,Small Car,Subcompact Cars
15.301,24.2335,484,5,2020,Ford,Mustang Convertible,Gasoline,Small Car,Subcompact Cars
20,27,386,2.3,2020,Ford,Mustang HO Convertible,Gasoline,Small Car,Subcompact Cars
19.4394,25.8687,406,2.3,2020,Ford,Mustang HO Convertible,Gasoline,Small Car,Subcompact Cars
20,28,386,2.3,2020,Ford,Mustang HO Coupe,Gasoline,Small Car,Subcompact Cars
20.1673,27.2921,389,2.3,2020,Ford,Mustang HO Coupe,Gasoline,Small Car,Subcompact Cars
13.7484,20.7059,550,5.2,2020,Ford,Shelby GT350 Mustang,Gasoline,Small Car,Subcompact Cars
11.7951,18.4683,631,5.2,2020,Ford,Shelby GT350 Mustang,Gasoline,Small Car,Subcompact Cars
20.4982,27.2139,385,2,2020,Genesis,G70 AWD,Gasoline,Car,Compact Cars
16.7021,24.8232,457,3.3,2020,Genesis,G70 AWD,Gasoline,Car,Compact Cars
22.0145,29.5409,357,2,2020,Genesis,G70 RWD,Gasoline,Car,Compact Cars
18.4122,27.6779,410,2,2020,Genesis,G70 RWD,Gasoline,Car,Compact Cars
16.9503,25.9799,447,3.3,2020,Genesis,G70 RWD,Gasoline,Car,Compact Cars
17.6305,24.307,445,3.8,2020,Genesis,G80 AWD,Gasoline,Car,Large Cars
17.0777,24.2339,453,3.3,2020,Genesis,G80 AWD,Gasoline,Car,Large Cars
15.1221,22.7134,503,5,2020,Genesis,G80 AWD,Gasoline,Car,Large Cars
18.4045,25.9067,423,3.8,2020,Genesis,G80 RWD,Gasoline,Car,Large Cars
17.3756,25.217,442,3.3,2020,Genesis,G80 RWD,Gasoline,Car,Large Cars
15.8782,24.2996,474,5,2020,Genesis,G80 RWD,Gasoline,Car,Large Cars
17.3012,24.6935,451,3.3,2020,Genesis,G90 AWD,Gasoline,Car,Large Cars
15.2737,23.0453,500,5,2020,Genesis,G90 AWD,Gasoline,Car,Large Cars
17.3756,25.3476,446,3.3,2020,Genesis,G90 RWD,Gasoline,Car,Large Cars
15.8028,23.7068,485,5,2020,Genesis,G90 RWD,Gasoline,Car,Large Cars
17.9691,24.9555,433,3.6,2020,GMC,Acadia AWD,Gasoline,SUV/Van,Standard Sport Utility Vehicle 4WD
20.8524,26.5568,382,2.5,2020,GMC,Acadia FWD,Gasoline,SUV/Van,Standard Sport Utility Vehicle 2WD
18.6331,26.5822,413,3.6,2020,GMC,Acadia FWD,Gasoline,SUV/Van,Standard Sport Utility Vehicle 2WD
19.9494,29.6545,435,2.8,2020,GMC,Canyon 2WD,Diesel,Truck,Small Pickup Trucks 2WD
17.5986,24.5623,440,3.6,2020,GMC,Canyon 2WD,Gasoline,Truck,Small Pickup Trucks 2WD
19.5124,25.6084,406,2.5,2020,GMC,Canyon 2WD,Gasoline,Truck,Small Pickup Trucks 2WD
19.202,27.8418,456,2.8,2020,GMC,Canyon 4WD,Diesel,Truck,Small Pickup Trucks 4WD
16.7787,23.7055,461,3.6,2020,GMC,Canyon 4WD,Gasoline,Truck,Small Pickup Trucks 4WD
18.6302,24.1585,428,2.5,2020,GMC,Canyon 4WD,Gasoline,Truck,Small Pickup Trucks 4WD
15.6519,20.5493,523,4.3,2020,GMC,Sierra 2WD,Gasoline,Truck,Standard Pickup Trucks 2WD
16.8348,23.2377,463,5.3,2020,GMC,Sierra 2WD,Gasoline,Truck,Standard Pickup Trucks 2WD
18.7801,21.8463,421,2.7,2020,GMC,Sierra 2WD,Gasoline,Truck,Standard Pickup Trucks 2WD
23.3153,30.0971,392,3,2020,GMC,Sierra 2WD,Diesel,Truck,Standard Pickup Trucks 2WD
14.8182,20.571,524,5.3,2020,GMC,Sierra 2WD,Gasoline,Truck,Standard Pickup Trucks 2WD
14.7421,18.738,545,5.3,2020,GMC,Sierra 2WD,FFV,Truck,Standard Pickup Trucks 2WD
19.8039,22.9342,421,2.7,2020,GMC,Sierra 2WD,Gasoline,Truck,Standard Pickup Trucks 2WD
17.3756,23.9706,448,5.3,2020,GMC,Sierra 2WD,Gasoline,Truck,Standard Pickup Trucks 2WD
15.9594,21.8155,490,5.3,2020,GMC,Sierra 4WD,Gasoline,Truck,Standard Pickup Trucks 4WD
16.3911,22.1227,479,5.3,2020,GMC,Sierra 4WD,Gasoline,Truck,Standard Pickup Trucks 4WD
18.7801,21.8463,442,2.7,2020,GMC,Sierra 4WD,Gasoline,Truck,Standard Pickup Trucks 4WD
15.132,19.8074,525,6.2,2020,GMC,Sierra 4WD,Gasoline,Truck,Standard Pickup Trucks 4WD
14.7841,20.1279,530,5.3,2020,GMC,Sierra 4WD,Gasoline,Truck,Standard Pickup Trucks 4WD
22.3834,25.865,427,3,2020,GMC,Sierra 4WD,Diesel,Truck,Standard Pickup Trucks 4WD
18.7744,21.8367,442,2.7,2020,GMC,Sierra 4WD,Gasoline,Truck,Standard Pickup Trucks 4WD
14.942,19.5777,532,4.3,2020,GMC,Sierra 4WD,Gasoline,Truck,Standard Pickup Trucks 4WD
14.4736,18.9568,549,5.3,2020,GMC,Sierra 4WD,FFV,Truck,Standard Pickup Trucks 4WD
16.1041,21,486,5.3,2020,GMC,Sierra 4WD AT4,Gasoline,Truck,Standard Pickup Trucks 4WD
16.4796,21,494,5.3,2020,GMC,Sierra 4WD AT4,Gasoline,Truck,Standard Pickup Trucks 4WD
15,19,515,6.2,2020,GMC,Sierra 4WD AT4,Gasoline,Truck,Standard Pickup Trucks 4WD
14,18,556,5.3,2020,GMC,Sierra 4WD AT4,Gasoline,Truck,Standard Pickup Trucks 4WD
22.3834,25.865,427,3,2020,GMC,Sierra 4WD AT4,Diesel,Truck,Standard Pickup Trucks 4WD
24.718,28.4323,339,1.5,2020,GMC,Terrain AWD,Gasoline,SUV/Van,Small Sport Utility Vehicle 4WD
21,26,386,2,2020,GMC,Terrain AWD,Gasoline,SUV/Van,Small Sport Utility Vehicle 4WD
25.5497,30.0898,325,1.5,2020,GMC,Terrain FWD,Gasoline,SUV/Van,Small Sport Utility Vehicle 2WD
22.3944,28,350,2,2020,GMC,Terrain FWD,Gasoline,SUV/Van,Small Sport Utility Vehicle 2WD
14.9703,22.3807,505,5.3,2020,GMC,Yukon C1500 2WD,FFV,SUV/Van,Standard Sport Utility Vehicle 2WD
14.9703,22.3807,505,5.3,2020,GMC,Yukon C1500 2WD,Gasoline,SUV/Van,Standard Sport Utility Vehicle 2WD
14.3609,22.5804,517,6.2,2020,GMC,Yukon C1500 2WD,Gasoline,SUV/Van,Standard Sport Utility Vehicle 2WD
14.9703,22.3807,505,5.3,2020,GMC,Yukon C1500 XL 2WD,FFV,SUV/Van,Standard Sport Utility Vehicle 2WD
14.9703,22.3807,505,5.3,2020,GMC,Yukon C1500 XL 2WD,Gasoline,SUV/Van,Standard Sport Utility Vehicle 2WD
14.3609,22.5804,517,6.2,2020,GMC,Yukon C1500 XL 2WD,Gasoline,SUV/Van,Standard Sport Utility Vehicle 2WD
15.0462,21.2439,513,5.3,2020,GMC,Yukon K1500 4WD,FFV,SUV/Van,Standard Sport Utility Vehicle 4WD
14.2845,21.6461,527,6.2,2020,GMC,Yukon K1500 4WD,Gasoline,SUV/Van,Standard Sport Utility Vehicle 4WD
14.5946,21.0894,525,5.3,2020,GMC,Yukon K1500 4WD,Gasoline,SUV/Van,Standard Sport Utility Vehicle 4WD
13.9679,20.7205,543,5.3,2020,GMC,Yukon K1500 XL 4WD,FFV,SUV/Van,Standard Sport Utility Vehicle 4WD
13.5947,20.2334,557,6.2,2020,GMC,Yukon K1500 XL 4WD,Gasoline,SUV/Van,Standard Sport Utility Vehicle 4WD
13.8957,20.5022,547,5.3,2020,GMC,Yukon K1500 XL 4WD,Gasoline,SUV/Van,Standard Sport Utility Vehicle 4WD
26.3074,35.3021,298,1.5,2020,Honda,Accord,Gasoline,Car,Large Cars
30.0731,38.3354,266,1.5,2020,Honda,Accord,Gasoline,Car,Large Cars
28.6838,35.3629,282,1.5,2020,Honda,Accord,Gasoline,Car,Large Cars
22.0382,32.165,344,2,2020,Honda,Accord,Gasoline,Car,Large Cars
22.962,34,330,2,2020,Honda,Accord,Gasoline,Car,Large Cars
22,31.8536,345,2,2020,Honda,Accord 2.0T Sport/Touring,Gasoline,Car,Midsize Cars
47.816,47.2694,185,2,2020,Honda,Accord Hybrid,Hybrid,Car,Large Cars
26,36,294,1.5,2020,Honda,Civic 2Dr,Gasoline,Car,Compact Cars
30.0928,36.794,269,1.5,2020,Honda,Civic 2Dr,Gasoline,Car,Compact Cars
31.2398,39.6028,256,1.5,2020,Honda,Civic 2Dr,Gasoline,Car,Compact Cars
25.4114,35.3021,304,2,2020,Honda,Civic 2Dr,Gasoline,Car,Compact Cars
28.5076,36.2992,280,2,2020,Honda,Civic 2Dr,Gasoline,Car,Compact Cars
30.0996,38.4193,264,2,2020,Honda,Civic 2Dr,Gasoline,Car,Compact Cars
26,36,294,1.5,2020,Honda,Civic 4Dr,Gasoline,Car,Midsize Cars
30.2746,37.7558,266,1.5,2020,Honda,Civic 4Dr,Gasoline,Car,Midsize Cars
31.8425,41.6247,248,1.5,2020,Honda,Civic 4Dr,Gasoline,Car,Midsize Cars
25.4114,36.453,300,2,2020,Honda,Civic 4Dr,Gasoline,Car,Midsize Cars
28.7904,37.0536,276,2,2020,Honda,Civic 4Dr,Gasoline,Car,Midsize Cars
29.6895,38.2886,268,2,2020,Honda,Civic 4Dr,Gasoline,Car,Midsize Cars
28.9237,36.8308,274,1.5,2020,Honda,Civic 5Dr,Gasoline,Car,Large Cars
30.7819,39.6206,259,1.5,2020,Honda,Civic 5Dr,Gasoline,Car,Large Cars
29,35,279,1.5,2020,Honda,Civic 5Dr,Gasoline,Car,Large Cars
54.9485,48.7657,170,1.5,2020,Honda,Insight,Hybrid,Car,Midsize Cars
51.2457,44.5034,184,1.5,2020,Honda,Insight Touring,Hybrid,Car,Midsize Cars
19.4074,27.7727,394,3.5,2020,Honda,Odyssey,Gasoline,SUV/Van,Minivan - 2WD
19,26.0043,407,3.5,2020,Honda,Pilot AWD,Gasoline,SUV/Van,Small Sport Utility Vehicle 4WD
18.2997,26.095,421,3.5,2020,Honda,Pilot AWD,Gasoline,SUV/Van,Small Sport Utility Vehicle 4WD
20.0566,27.0656,388,3.5,2020,Honda,Pilot FWD,Gasoline,SUV/Van,Small Sport Utility Vehicle 2WD
19,26.9375,405,3.5,2020,Honda,Pilot FWD,Gasoline,SUV/Van,Small Sport Utility Vehicle 2WD
33.095,40.9662,248,1.6,2020,Hyundai,Accent,Gasoline,Car,Compact Cars
28.6838,39.1412,273,1.6,2020,Hyundai,Accent,Gasoline,Car,Compact Cars
30.2689,40,264,2,2020,Hyundai,Elantra,Gasoline,Car,Midsize Cars
33.0012,40.5934,250,1.4,2020,Hyundai,Elantra,Gasoline,Car,Midsize Cars
25.7569,37.235,301,2,2020,Hyundai,Elantra,Gasoline,Car,Midsize Cars
26.3074,33.4653,310,1.6,2020,Hyundai,Elantra,Gasoline,Car,Midsize Cars
24.508,32.2893,327,2,2020,Hyundai,Elantra GT,Gasoline,Car,Large Cars
24.7868,32.165,322,1.6,2020,Hyundai,Elantra GT,Gasoline,Car,Large Cars
22.8912,29.7811,352,1.6,2020,Hyundai,Elantra GT,Gasoline,Car,Large Cars
30.8168,41,259,2,2020,Hyundai,Elantra SE,Gasoline,Car,Midsize Cars
26.0618,29.4201,324,1.6,2020,Hyundai,Kona AWD,Gasoline,SUV/Van,Small Sport Utility Vehicle 4WD
25.5904,30.3308,324,2,2020,Hyundai,Kona AWD,Gasoline,SUV/Van,Small Sport Utility Vehicle 4WD
136.85,108.85,0,NA,2020,Hyundai,Kona Electric,EV,SUV/Van,Small Sport Utility Vehicle 2WD
27.5034,32.398,303,1.6,2020,Hyundai,Kona FWD,Gasoline,SUV/Van,Small Sport Utility Vehicle 2WD
27.2995,33.4372,300,2,2020,Hyundai,Kona FWD,Gasoline,SUV/Van,Small Sport Utility Vehicle 2WD
19.0736,24.431,426,3.8,2020,Hyundai,Palisade AWD,Gasoline,SUV/Van,Standard Sport Utility Vehicle 4WD
19.3121,26.4801,406,3.8,2020,Hyundai,Palisade FWD,Gasoline,SUV/Van,Standard Sport Utility Vehicle 2WD
19.6217,25.5432,411,2,2020,Hyundai,Santa Fe AWD,Gasoline,SUV/Van,Small Sport Utility Vehicle 4WD
21.1853,27.229,377,2.4,2020,Hyundai,Santa Fe AWD,Gasoline,SUV/Van,Small Sport Utility Vehicle 4WD
19.7311,27.2277,399,2,2020,Hyundai,Santa Fe FWD,Gasoline,SUV/Van,Small Sport Utility Vehicle 2WD
21.8732,28.937,362,2.4,2020,Hyundai,Santa Fe FWD,Gasoline,SUV/Van,Small Sport Utility Vehicle 2WD
21.824,25.478,385,2,2020,Hyundai,Tucson AWD,Gasoline,SUV/Van,Small Sport Utility Vehicle 4WD
21.4471,25.9327,387,2.4,2020,Hyundai,Tucson AWD,Gasoline,SUV/Van,Small Sport Utility Vehicle 4WD
23.1684,27.8847,358,2,2020,Hyundai,Tucson FWD,Gasoline,SUV/Van,Small Sport Utility Vehicle 2WD
22.3742,28.1108,363,2.4,2020,Hyundai,Tucson FWD,Gasoline,SUV/Van,Small Sport Utility Vehicle 2WD
27.0329,33.9137,300,2,2020,Hyundai,Veloster,Gasoline,Car,Compact Cars
25.0648,33.4036,317,2,2020,Hyundai,Veloster,Gasoline,Car,Compact Cars
27.7395,34.0802,296,1.6,2020,Hyundai,Veloster,Gasoline,Car,Compact Cars
26.1663,33.2918,308,1.6,2020,Hyundai,Veloster,Gasoline,Car,Compact Cars
22.2788,28.5164,363,2,2020,Hyundai,Veloster N,Gasoline,Car,Compact Cars
29.7056,34.1141,284,1.6,2020,Hyundai,Venue,Gasoline,Car,Midsize Cars
27.2642,34.8146,297,1.6,2020,Hyundai,Venue,Gasoline,Car,Midsize Cars
19.8036,28.8283,387,3,2020,Infiniti,Q50,Gasoline,Car,Midsize Cars
18.8955,27.0634,407,3,2020,Infiniti,Q50 AWD,Gasoline,Car,Midsize Cars
19.5112,26.1609,404,3,2020,Infiniti,Q50 Red Sport,Gasoline,Car,Midsize Cars
19.4367,26.0629,405,3,2020,Infiniti,Q50 Red Sport  AWD,Gasoline,Car,Midsize Cars
23.4563,29,346,2,2020,Infiniti,QX50,Gasoline,SUV/Van,Small Sport Utility Vehicle 2WD
22,28,365,2,2020,Infiniti,QX50 AWD,Gasoline,SUV/Van,Small Sport Utility Vehicle 4WD
19.0157,26.1901,410,3.5,2020,Infiniti,QX60 AWD,Gasoline,SUV/Van,Small Sport Utility Vehicle 4WD
19.6509,26.7054,399,3.5,2020,Infiniti,QX60 FWD,Gasoline,SUV/Van,Small Sport Utility Vehicle 2WD
21.3942,27.8704,371,2,2020,Jaguar,E-Pace,Gasoline,SUV/Van,Small Sport Utility Vehicle 4WD
20.9627,27.3565,379,2,2020,Jaguar,E-Pace P300,Gasoline,SUV/Van,Small Sport Utility Vehicle 4WD
21.8954,26.6469,365,2,2020,Jaguar,F-Pace,Gasoline,SUV/Van,Small Sport Utility Vehicle 4WD
17.6728,23.4426,446,3,2020,Jaguar,F-Pace,Gasoline,SUV/Van,Small Sport Utility Vehicle 4WD
16.1793,21.4451,488,5,2020,Jaguar,F-Pace,Gasoline,SUV/Van,Small Sport Utility Vehicle 4WD
21.6809,27.0344,373,2,2020,Jaguar,F-Pace 30t,Gasoline,SUV/Van,Small Sport Utility Vehicle 4WD
15.5008,24.0365,481,5,2020,Jaguar,F-Type AWD Convertible,Gasoline,TwoSeater,Two Seaters
15.5008,24.0365,481,5,2020,Jaguar,F-Type AWD Coupe,Gasoline,TwoSeater,Two Seaters
22.962,29.9708,346,2,2020,Jaguar,F-Type Convertible,Gasoline,TwoSeater,Two Seaters
19.8039,27.6137,390,3,2020,Jaguar,F-Type Convertible,Gasoline,TwoSeater,Two Seaters
22.962,29.9708,346,2,2020,Jaguar,F-Type Coupe,Gasoline,TwoSeater,Two Seaters
19.8039,27.6137,390,3,2020,Jaguar,F-Type Coupe,Gasoline,TwoSeater,Two Seaters
18.117,25.6084,426,3,2020,Jaguar,F-Type S AWD Convertible,Gasoline,TwoSeater,Two Seaters
18.117,25.6084,426,3,2020,Jaguar,F-Type S AWD Coupe,Gasoline,TwoSeater,Two Seaters
19.0003,26.7155,407,3,2020,Jaguar,F-Type S Convertible,Gasoline,TwoSeater,Two Seaters
19.0003,26.7155,407,3,2020,Jaguar,F-Type S Coupe,Gasoline,TwoSeater,Two Seaters
15.5008,24.0365,481,5,2020,Jaguar,F-Type SVR AWD Convertible,Gasoline,TwoSeater,Two Seaters
15.5008,24.0365,481,5,2020,Jaguar,F-Type SVR AWD Coupe,Gasoline,TwoSeater,Two Seaters
79.8,71.96,0,NA,2020,Jaguar,I-Pace,EV,SUV/Van,Small Sport Utility Vehicle 4WD
25.1342,33.7731,312,2,2020,Jaguar,XE,Gasoline,Car,Compact Cars
23.6674,31.604,333,2,2020,Jaguar,XE 30t,Gasoline,Car,Compact Cars
23.8782,34.1416,321,2,2020,Jaguar,XE AWD,Gasoline,Car,Compact Cars
21.9668,30.3494,354,2,2020,Jaguar,XE AWD 30t,Gasoline,Car,Compact Cars
25.1342,33.7731,312,2,2020,Jaguar,XF,Gasoline,Car,Midsize Cars
23.4563,31.4791,335,2,2020,Jaguar,XF 30t,Gasoline,Car,Midsize Cars
23.2447,32.5377,333,2,2020,Jaguar,XF AWD,Gasoline,Car,Midsize Cars
19.6583,27.8704,390,3,2020,Jaguar,XF AWD,Gasoline,Car,Midsize Cars
22.2521,30.9153,349,2,2020,Jaguar,XF AWD 30t,Gasoline,Car,Midsize Cars
21.3224,28.3824,370,2,2020,Jaguar,XF Sportbrake AWD,Gasoline,Wagon,Midsize Station Wagons
18.1909,25.1517,428,3,2020,Jaguar,XF Sportbrake AWD,Gasoline,Wagon,Midsize Station Wagons
21.0347,29.2741,369,2,2020,Jeep,Cherokee 4WD,Gasoline,SUV/Van,Small Sport Utility Vehicle 4WD
21.0347,29,370,2.4,2020,Jeep,Cherokee 4WD,Gasoline,SUV/Van,Small Sport Utility Vehicle 4WD
19.22,27.3565,400,3.2,2020,Jeep,Cherokee 4WD,Gasoline,SUV/Van,Small Sport Utility Vehicle 4WD
20.3845,27.3563,387,2,2020,Jeep,Cherokee 4WD Active Drive II,Gasoline,SUV/Van,Small Sport Utility Vehicle 4WD
18.4122,26.2248,416,3.2,2020,Jeep,Cherokee 4WD Active Drive II,Gasoline,SUV/Van,Small Sport Utility Vehicle 4WD
22.6416,31.0679,345,2,2020,Jeep,Cherokee FWD,Gasoline,SUV/Van,Small Sport Utility Vehicle 2WD
21.7881,31.2287,352,2.4,2020,Jeep,Cherokee FWD,Gasoline,SUV/Van,Small Sport Utility Vehicle 2WD
19.7311,28.7628,387,3.2,2020,Jeep,Cherokee FWD,Gasoline,SUV/Van,Small Sport Utility Vehicle 2WD
19.9851,25.7038,400,2,2020,Jeep,Cherokee Trailhawk 4WD,Gasoline,SUV/Van,Small Sport Utility Vehicle 4WD
18.2644,24,432,3.2,2020,Jeep,Cherokee Trailhawk 4WD,Gasoline,SUV/Van,Small Sport Utility Vehicle 4WD
21.7524,30.1602,358,2.4,2020,Jeep,Compass 4WD,Gasoline,SUV/Van,Small Sport Utility Vehicle 4WD
21.6785,30.8836,355,2.4,2020,Jeep,Compass 4WD,Gasoline,SUV/Van,Small Sport Utility Vehicle 4WD
22.1809,30.8811,350,2.4,2020,Jeep,Compass FWD,Gasoline,SUV/Van,Small Sport Utility Vehicle 2WD
22.6786,32.2272,339,2.4,2020,Jeep,Compass FWD,Gasoline,SUV/Van,Small Sport Utility Vehicle 2WD
17.2268,21.9805,466,3.6,2020,Jeep,Gladiator Pickup 4WD,Gasoline,Truck,Standard Pickup Trucks 4WD
16.4046,22.5804,476,3.6,2020,Jeep,Gladiator Pickup 4WD,Gasoline,Truck,Standard Pickup Trucks 4WD
18.8533,25.8035,414,3.6,2020,Jeep,Grand Cherokee 2WD,Gasoline,SUV/Van,Standard Sport Utility Vehicle 4WD
18.4483,24.5623,427,3.6,2020,Jeep,Grand Cherokee 4WD,Gasoline,SUV/Van,Standard Sport Utility Vehicle 4WD
14.0551,21.6461,533,5.7,2020,Jeep,Grand Cherokee 4WD,Gasoline,SUV/Van,Standard Sport Utility Vehicle 4WD
12.8234,18.7387,592,6.4,2020,Jeep,Grand Cherokee SRT 4WD,Gasoline,SUV/Van,Standard Sport Utility Vehicle 4WD
11.2651,17.0907,664,6.2,2020,Jeep,Grand Cherokee Trackhawk 4WD,Gasoline,SUV/Van,Standard Sport Utility Vehicle 4WD
23.9833,31.7549,328,1.3,2020,Jeep,Renegade 2WD,Gasoline,SUV/Van,Small Sport Utility Vehicle 2WD
21.7524,30.1602,357,2.4,2020,Jeep,Renegade 2WD,Gasoline,SUV/Van,Small Sport Utility Vehicle 2WD
23.3153,28.9649,348,1.3,2020,Jeep,Renegade 4WD,Gasoline,SUV/Van,Small Sport Utility Vehicle 4WD
21.0347,28.7646,371,2.4,2020,Jeep,Renegade 4WD,Gasoline,SUV/Van,Small Sport Utility Vehicle 4WD
21.7524,26.9885,370,1.3,2020,Jeep,Renegade Trailhawk 4WD,Gasoline,SUV/Van,Small Sport Utility Vehicle 4WD
18.3385,23,440,3.6,2020,Jeep,Wrangler 4WD,Gasoline,SUV/Van,Small Sport Utility Vehicle 4WD
21.9296,24.0029,388,2,2020,Jeep,Wrangler 4WD,Gasoline,SUV/Van,Small Sport Utility Vehicle 4WD
17.2268,24.5615,446,3.6,2020,Jeep,Wrangler 4WD,Gasoline,SUV/Van,Small Sport Utility Vehicle 4WD
18.6331,22,444,3.6,2020,Jeep,Wrangler Unlimited 4WD,Hybrid,SUV/Van,Small Sport Utility Vehicle 4WD
18.1909,22,451,3.6,2020,Jeep,Wrangler Unlimited 4WD,Gasoline,SUV/Van,Small Sport Utility Vehicle 4WD
20.7553,22.4429,414,2,2020,Jeep,Wrangler Unlimited 4WD,Hybrid,SUV/Van,Small Sport Utility Vehicle 4WD
21,22,423,2,2020,Jeep,Wrangler Unlimited 4WD,Gasoline,SUV/Van,Small Sport Utility Vehicle 4WD
17.0031,23.244,459,3.6,2020,Jeep,Wrangler Unlimited 4WD,Gasoline,SUV/Van,Small Sport Utility Vehicle 4WD
27.0633,35.4891,296,1.6,2020,Kia,Forte,Gasoline,Car,Midsize Cars
24.6475,32.3515,326,1.6,2020,Kia,Forte,Gasoline,Car,Midsize Cars
29.4931,39.6614,269,2,2020,Kia,Forte,Gasoline,Car,Midsize Cars
27.4002,36.9348,290,2,2020,Kia,Forte,Gasoline,Car,Midsize Cars
30.7457,41.1962,256,2,2020,Kia,Forte FE,Gasoline,Car,Midsize Cars
18.3385,25.0863,431,3.3,2020,Kia,K900,Gasoline,Car,Large Cars
26.8846,36.5766,292,1.6,2020,Kia,Optima,Gasoline,Car,Large Cars
21.0347,29.6545,371,2,2020,Kia,Optima,Gasoline,Car,Large Cars
24.1356,32.3202,330,2.4,2020,Kia,Optima,Gasoline,Car,Large Cars
25.1486,34.9304,311,2.4,2020,Kia,Optima FE,Gasoline,Car,Large Cars
39.7452,44.9007,213,2,2020,Kia,Optima Hybrid,Hybrid,Car,Midsize Cars
38.9306,44.11,97,2,2020,Kia,Optima Plug-in Hybrid,Plug-in Hybrid,Car,Midsize Cars
32.6158,40.7698,249,1.6,2020,Kia,Rio,Gasoline,Car,Compact Cars
18.4859,23.7551,436,3.3,2020,Kia,Sedona,Gasoline,SUV/Van,Minivan - 2WD
20.9627,26.2583,389,2.4,2020,Kia,Sorento AWD,Gasoline,SUV/Van,Small Sport Utility Vehicle 4WD
18.4751,23.5055,436,3.3,2020,Kia,Sorento AWD,Gasoline,SUV/Van,Small Sport Utility Vehicle 4WD
21.9668,28.574,363,2.4,2020,Kia,Sorento FWD,Gasoline,SUV/Van,Small Sport Utility Vehicle 2WD
19.0972,25.932,413,3.3,2020,Kia,Sorento FWD,Gasoline,SUV/Van,Small Sport Utility Vehicle 2WD
27.372,33.0102,303,2,2020,Kia,Soul,Gasoline,Wagon,Small Station Wagons
24.508,30.9781,332,2,2020,Kia,Soul,Gasoline,Wagon,Small Station Wagons
26.914,31.5033,309,1.6,2020,Kia,Soul,Gasoline,Wagon,Small Station Wagons
28.818,35.1195,287,2,2020,Kia,Soul Eco dynamics,Gasoline,Wagon,Small Station Wagons
127,101,0,NA,2020,Kia,Soul Electric,EV,Wagon,Small Station Wagons
21.6794,25.7476,386,2.4,2020,Kia,Sportage AWD,Gasoline,SUV/Van,Small Sport Utility Vehicle 4WD
19.3663,24.4967,421,2,2020,Kia,Sportage AWD,Gasoline,SUV/Van,Small Sport Utility Vehicle 4WD
22.847,30.0396,351,2.4,2020,Kia,Sportage FWD,Gasoline,SUV/Van,Small Sport Utility Vehicle 2WD
20.1673,27.6137,392,2,2020,Kia,Sportage FWD,Gasoline,SUV/Van,Small Sport Utility Vehicle 2WD
21.2505,28.9563,368,2,2020,Kia,Stinger AWD,Gasoline,Car,Midsize Cars
17.251,24.56,449,3.3,2020,Kia,Stinger AWD,Gasoline,Car,Midsize Cars
21.715,29.0797,365,2,2020,Kia,Stinger RWD,Gasoline,Car,Midsize Cars
17.4778,24.6391,446,3.3,2020,Kia,Stinger RWD,Gasoline,Car,Midsize Cars
18.7019,24.3834,426,3.8,2020,Kia,Telluride AWD,Gasoline,SUV/Van,Small Sport Utility Vehicle 4WD
20.0948,26.4527,395,3.8,2020,Kia,Telluride FWD,Gasoline,SUV/Van,Small Sport Utility Vehicle 2WD
13.0797,18.2471,596,5.2,2020,Lamborghini,Huracan,Gasoline,TwoSeater,Two Seaters
13.0797,18.2471,596,5.2,2020,Lamborghini,Huracan Spyder,Gasoline,TwoSeater,Two Seaters
12.2803,16.6758,617,4,2020,Lamborghini,Urus,Gasoline,SUV/Van,Standard Sport Utility Vehicle 4WD
15.8782,20.6385,500,3,2020,Land Rover,Discovery,Gasoline,SUV/Van,Standard Sport Utility Vehicle 4WD
20.7463,25.6084,448,3,2020,Land Rover,Discovery,Diesel,SUV/Van,Standard Sport Utility Vehicle 4WD
18.6331,24.2996,427,2,2020,Land Rover,Discovery Sport,Gasoline,SUV/Van,Small Sport Utility Vehicle 4WD
19.8767,27.0344,394,2,2020,Land Rover,Evoque,Gasoline,SUV/Van,Small Sport Utility Vehicle 4WD
21.8954,28.3185,412,3,2020,Land Rover,Range Rover,Diesel,SUV/Van,Standard Sport Utility Vehicle 4WD
16.3295,20.8405,491,5,2020,Land Rover,Range Rover,Gasoline,SUV/Van,Standard Sport Utility Vehicle 4WD
16.3295,20.8405,491,5,2020,Land Rover,Range Rover LWB,Gasoline,SUV/Van,Standard Sport Utility Vehicle 4WD
13.1325,18.5337,587,5,2020,Land Rover,Range Rover LWB SVA,Gasoline,SUV/Van,Standard Sport Utility Vehicle 4WD
19.22,24.89,415,3,2020,Land Rover,Range Rover MHEV,Hybrid,SUV/Van,Standard Sport Utility Vehicle 4WD
21.8954,28.3185,412,3,2020,Land Rover,Range Rover Sport,Diesel,SUV/Van,Standard Sport Utility Vehicle 4WD
16.7042,21.9137,474,5,2020,Land Rover,Range Rover Sport,Gasoline,SUV/Van,Standard Sport Utility Vehicle 4WD
14.5136,19.6238,540,5,2020,Land Rover,Range Rover Sport SVR,Gasoline,SUV/Van,Standard Sport Utility Vehicle 4WD
13.7484,18.6021,569,5,2020,Land Rover,Range Rover SVA,Gasoline,SUV/Van,Standard Sport Utility Vehicle 4WD
20.9627,26.5175,384,2,2020,Land Rover,Range Rover Velar,Gasoline,SUV/Van,Small Sport Utility Vehicle 4WD
15.4621,20.4698,511,5,2020,Land Rover,Range Rover Velar,Gasoline,SUV/Van,Small Sport Utility Vehicle 4WD
18.117,23.6408,439,3,2020,Land Rover,Range Rover Velar,Gasoline,SUV/Van,Small Sport Utility Vehicle 4WD
20.0948,25.6084,399,2,2020,Land Rover,Range Rover Velar P300,Gasoline,SUV/Van,Small Sport Utility Vehicle 4WD
18.117,23.6408,439,3,2020,Land Rover,Range Rover Velar P380,Gasoline,SUV/Van,Small Sport Utility Vehicle 4WD
43,44.4853,201,2.5,2020,Lexus,ES 300h,Hybrid,Car,Midsize Cars
21.8323,32.1457,346,3.5,2020,Lexus,ES 350,Gasoline,Car,Midsize Cars
21.6093,31.1662,352,3.5,2020,Lexus,ES 350 F Sport,Gasoline,Car,Midsize Cars
19.9352,27.7252,388,3.5,2020,Lexus,GS 350,Gasoline,Car,Midsize Cars
19.1052,25.7246,422,3.5,2020,Lexus,GS 350 AWD,Gasoline,Car,Midsize Cars
18.7801,27.1633,405,3.5,2020,Lexus,GS 350 F Sport,Gasoline,Car,Midsize Cars
15.7756,24.3684,472,5,2020,Lexus,GS F,Gasoline,Car,Compact Cars
14.5136,19.0798,542,4.6,2020,Lexus,GX 460,Gasoline,SUV/Van,Standard Sport Utility Vehicle 4WD
20.9833,30.1028,363,2,2020,Lexus,IS 300,Gasoline,Car,Compact Cars
18,24,422,3.5,2020,Lexus,IS 300 AWD,Gasoline,Car,Compact Cars
19.9352,27.7252,388,3.5,2020,Lexus,IS 350,Gasoline,Car,Compact Cars
19.1052,25.7246,422,3.5,2020,Lexus,IS 350 AWD,Gasoline,Car,Compact Cars
15.5764,24.5678,473,5,2020,Lexus,LC 500,Gasoline,Small Car,Subcompact Cars
26.5071,34.5781,298,3.5,2020,Lexus,LC 500h,Hybrid,Small Car,Subcompact Cars
19.167,30.0112,389,3.4,2020,Lexus,LS 500,Gasoline,Car,Midsize Cars
17.8777,27.2941,420,3.4,2020,Lexus,LS 500 AWD,Gasoline,Car,Midsize Cars
24.886,32.86,318,3.5,2020,Lexus,LS 500h,Hybrid,Car,Midsize Cars
22.8307,30.6193,345,3.5,2020,Lexus,LS 500h AWD,Hybrid,Car,Midsize Cars
12.2894,16.4521,636,5.7,2020,Lexus,LX 570,Gasoline,SUV/Van,Standard Sport Utility Vehicle 4WD
22.4281,28.1661,358,2,2020,Lexus,NX 300,Gasoline,SUV/Van,Small Sport Utility Vehicle 2WD
22.1679,27.8707,362,2,2020,Lexus,NX 300 AWD,Gasoline,SUV/Van,Small Sport Utility Vehicle 4WD
21.774,26.5333,374,2,2020,Lexus,NX 300 AWD F Sport,Gasoline,SUV/Van,Small Sport Utility Vehicle 4WD
32.9834,29.9824,285,2.5,2020,Lexus,NX 300h AWD,Hybrid,SUV/Van,Small Sport Utility Vehicle 4WD
16.3887,24.4289,459,5,2020,Lexus,RC F,Gasoline,Small Car,Subcompact Cars
19.889,27.196,391,3.5,2020,Lexus,RX 350,Gasoline,SUV/Van,Small Sport Utility Vehicle 2WD
19.2381,26.1286,405,3.5,2020,Lexus,RX 350 AWD,Gasoline,SUV/Van,Small Sport Utility Vehicle 4WD
19.2932,26,407,3.5,2020,Lexus,RX 350 L,Gasoline,SUV/Van,Small Sport Utility Vehicle 2WD
18,25,432,3.5,2020,Lexus,RX 350 L AWD,Gasoline,SUV/Van,Small Sport Utility Vehicle 4WD
31.2555,28.1106,297,3.5,2020,Lexus,RX 450h AWD,Hybrid,SUV/Van,Standard Sport Utility Vehicle 4WD
29,28.1106,305,3.5,2020,Lexus,RX 450h L AWD,Hybrid,SUV/Van,Standard Sport Utility Vehicle 4WD
17.1523,24.3654,451,3,2020,Lincoln,Aviator AWD,Gasoline,SUV/Van,Standard Sport Utility Vehicle 4WD
18.0793,26.1934,424,3,2020,Lincoln,Aviator RWD,Gasoline,SUV/Van,Standard Sport Utility Vehicle 2WD
21.1442,28.4821,372,2.3,2020,Lincoln,Corsair AWD,Gasoline,SUV/Van,Small Sport Utility Vehicle 4WD
21.824,29.4312,361,2,2020,Lincoln,Corsair FWD,Gasoline,SUV/Van,Small Sport Utility Vehicle 2WD
19.9603,28.7195,384,2,2020,Lincoln,MKZ AWD,Gasoline,Car,Midsize Cars
16.8538,25.6735,447,3,2020,Lincoln,MKZ AWD,Gasoline,Car,Midsize Cars
20.0948,30.8526,373,2,2020,Lincoln,MKZ FWD,Gasoline,Car,Midsize Cars
17.5986,27.1633,425,3,2020,Lincoln,MKZ FWD,Gasoline,Car,Midsize Cars
42,39,217,2,2020,Lincoln,MKZ Hybrid FWD,Hybrid,Car,Midsize Cars
20,25,401,2,2020,Lincoln,Nautilus AWD,Gasoline,SUV/Van,Small Sport Utility Vehicle 4WD
18.7272,25.5308,417,2.7,2020,Lincoln,Nautilus AWD,Gasoline,SUV/Van,Small Sport Utility Vehicle 4WD
20.7291,26,384,2,2020,Lincoln,Nautilus FWD,Gasoline,SUV/Van,Small Sport Utility Vehicle 2WD
16.2346,23.7065,468,3.5,2020,Lotus,Evora,Gasoline,Small Car,Minicompact Cars
16.8596,24.4428,451,3.5,2020,Lotus,Evora,Gasoline,Small Car,Minicompact Cars
16.8703,25.9425,441,3.5,2020,Lotus,Evora GT,Gasoline,Small Car,Minicompact Cars
17.4295,23.8782,438,3.5,2020,Lotus,Evora GT,Gasoline,Small Car,Minicompact Cars
16.7042,23.9047,460,3,2020,Maserati,Ghibli,Gasoline,Car,Midsize Cars
16.7042,23.9047,460,3,2020,Maserati,Ghibli S,Gasoline,Car,Midsize Cars
15.9536,23.6408,474,3,2020,Maserati,Ghibli SQ4,Gasoline,Car,Midsize Cars
14.8182,21.1096,521,3,2020,Maserati,Levante,Gasoline,SUV/Van,Standard Sport Utility Vehicle 4WD
13.5947,18.2599,580,3.8,2020,Maserati,Levante GTS,Gasoline,SUV/Van,Standard Sport Utility Vehicle 4WD
14.8182,21.1096,521,3,2020,Maserati,Levante S,Gasoline,SUV/Van,Standard Sport Utility Vehicle 4WD
13.5947,18.2599,580,3.8,2020,Maserati,Levante Trofeo,Gasoline,SUV/Van,Standard Sport Utility Vehicle 4WD
14.666,21.7799,517,3.8,2020,Maserati,Quattroporte GTS,Gasoline,Car,Large Cars
16.7042,23.9047,460,3,2020,Maserati,Quattroporte S,Gasoline,Car,Large Cars
15.7274,22.9126,484,3,2020,Maserati,Quattroporte SQ4,Gasoline,Car,Large Cars
26.132,35.3879,299,2.5,2020,Mazda,3 4-Door 2WD,Gasoline,Car,Compact Cars
26.7185,35.8485,295,2.5,2020,Mazda,3 4-Door 2WD,Gasoline,Car,Compact Cars
25.3422,33.095,313,2.5,2020,Mazda,3 4-Door 4WD,Gasoline,Car,Compact Cars
25.4806,35.4845,303,2.5,2020,Mazda,3 5-Door 2WD,Gasoline,Car,Midsize Cars
26.431,35.2628,297,2.5,2020,Mazda,3 5-Door 2WD,Gasoline,Car,Midsize Cars
24,31.775,328,2.5,2020,Mazda,3 5-Door 4WD,Gasoline,Car,Midsize Cars
24.4382,35.2413,313,2,2020,Mercedes-Benz,A220,Gasoline,Small Car,Subcompact Cars
23.9483,33.5885,324,2,2020,Mercedes-Benz,A220 4matic,Gasoline,Small Car,Subcompact Cars
21.1067,27.1633,379,3,2020,Mercedes-Benz,AMG CLS53 4matic Plus,Hybrid,Car,Compact Cars
21.3224,28.3824,370,3,2020,Mercedes-Benz,AMG E53 4matic Plus,Hybrid,Car,Midsize Cars
20.3124,26.0636,394,3,2020,Mercedes-Benz,AMG E53 4matic Plus Convertible,Hybrid,Small Car,Subcompact Cars
20.7463,27.6137,381,3,2020,Mercedes-Benz,AMG E53 4matic Plus Coupe,Hybrid,Small Car,Subcompact Cars
19.0003,23.9706,425,3,2020,Mercedes-Benz,AMG GT 53 4matic Plus,Hybrid,Car,Compact Cars
15.1979,20.4361,519,4,2020,Mercedes-Benz,AMG GT 63 4matic Plus,Gasoline,Car,Compact Cars
15.1221,20.4361,521,4,2020,Mercedes-Benz,AMG GT 63 S 4matic Plus,Gasoline,Car,Compact Cars
15.4251,20.7732,506,4,2020,Mercedes-Benz,AMG GT C Coupe,Gasoline,TwoSeater,Two Seaters
14.8943,20.0305,525,4,2020,Mercedes-Benz,AMG GT C Roadster,Gasoline,TwoSeater,Two Seaters
15.8028,22.114,488,4,2020,Mercedes-Benz,AMG GT Coupe,Gasoline,TwoSeater,Two Seaters
14.8182,19.9628,526,4,2020,Mercedes-Benz,AMG GT R Coupe,Gasoline,TwoSeater,Two Seaters
14.8182,19.9628,526,4,2020,Mercedes-Benz,AMG GT R Roadster,Gasoline,TwoSeater,Two Seaters
15.8028,22.114,488,4,2020,Mercedes-Benz,AMG GT Roadster,Gasoline,TwoSeater,Two Seaters
24.0885,34.8146,315,2,2020,Mercedes-Benz,C300,Gasoline,Car,Compact Cars
22.5344,32.8455,338,2,2020,Mercedes-Benz,C300 4matic,Gasoline,Car,Compact Cars
20.6738,29.1143,374,2,2020,Mercedes-Benz,C300 4matic Convertible,Gasoline,Small Car,Subcompact Cars
21.3566,30.4435,360,2,2020,Mercedes-Benz,C300 4matic Coupe,Gasoline,Small Car,Subcompact Cars
20.9624,28.7324,373,2,2020,Mercedes-Benz,C300 Convertible,Gasoline,Small Car,Subcompact Cars
21.7524,31.0408,351,2,2020,Mercedes-Benz,C300 Coupe,Gasoline,Small Car,Subcompact Cars
24.5777,35.3021,310,2,2020,Mercedes-Benz,CLA250,Gasoline,Car,Compact Cars
23.3153,32.9095,329,2,2020,Mercedes-Benz,CLA250 4matic,Gasoline,Car,Compact Cars
23.8782,30.6012,334,3,2020,Mercedes-Benz,CLS450,Hybrid,Car,Compact Cars
23.1741,29.8444,343,3,2020,Mercedes-Benz,CLS450 4matic,Hybrid,Car,Compact Cars
22.8912,32.0405,336,2,2020,Mercedes-Benz,E350,Gasoline,Car,Midsize Cars
21.7524,30.3494,354,2,2020,Mercedes-Benz,E350 4matic,Gasoline,Car,Midsize Cars
19.8039,27.6779,392,3,2020,Mercedes-Benz,E450 4matic,Gasoline,Car,Midsize Cars
19.0736,26.4527,408,3,2020,Mercedes-Benz,E450 4matic (station wagon),Gasoline,Wagon,Midsize Station Wagons
19.1468,26.2583,408,3,2020,Mercedes-Benz,E450 4matic Convertible,Gasoline,Small Car,Subcompact Cars
19.0003,26.3879,409,3,2020,Mercedes-Benz,E450 4matic Coupe,Gasoline,Small Car,Subcompact Cars
19.8767,27.4208,393,3,2020,Mercedes-Benz,E450 Convertible,Gasoline,Small Car,Subcompact Cars
19.8767,28.1906,388,3,2020,Mercedes-Benz,E450 Coupe,Gasoline,Small Car,Subcompact Cars
24.2285,34.2642,316,2,2020,Mercedes-Benz,GLA250,Gasoline,SUV/Van,Small Sport Utility Vehicle 2WD
23.1035,31.2288,340,2,2020,Mercedes-Benz,GLA250 4matic,Gasoline,SUV/Van,Small Sport Utility Vehicle 4WD
21.5376,28.7015,366,2,2020,Mercedes-Benz,GLC300,Gasoline,SUV/Van,Small Sport Utility Vehicle 2WD
20.9627,27.6779,377,2,2020,Mercedes-Benz,GLC300 4matic,Gasoline,SUV/Van,Small Sport Utility Vehicle 4WD
21.2505,27.6779,374,2,2020,Mercedes-Benz,GLC300 4matic Coupe,Gasoline,SUV/Van,Small Sport Utility Vehicle 4WD
19.7311,26.9053,397,2,2020,Mercedes-Benz,GLE350,Gasoline,SUV/Van,Small Sport Utility Vehicle 4WD
19.4394,26.3879,404,2,2020,Mercedes-Benz,GLE350 4matic,Gasoline,SUV/Van,Small Sport Utility Vehicle 4WD
19.4394,23.6408,422,3,2020,Mercedes-Benz,GLE450 4matic,Hybrid,SUV/Van,Standard Sport Utility Vehicle 4WD
19.2932,22.7134,429,3,2020,Mercedes-Benz,GLS450 4matic,Hybrid,SUV/Van,Standard Sport Utility Vehicle 4WD
18.7066,27.9345,403,3,2020,Mercedes-Benz,S450,Gasoline,Car,Large Cars
18.4122,27.8062,408,3,2020,Mercedes-Benz,S450 4matic,Gasoline,Car,Large Cars
19.5124,27.6779,395,3,2020,Mercedes-Benz,SL450,Gasoline,TwoSeater,Two Seaters
17.45,25.3476,435,4.7,2020,Mercedes-Benz,SL550,Gasoline,TwoSeater,Two Seaters
28.1096,36,281,1.5,2020,MINI,Cooper Convertible,Gasoline,Small Car,Minicompact Cars
26.051,32.9808,307,1.5,2020,MINI,Cooper Countryman,Gasoline,Car,Midsize Cars
24.0603,32.9212,322,1.5,2020,MINI,Cooper Countryman All4,Gasoline,Car,Midsize Cars
28.1096,36,281,1.5,2020,MINI,Cooper Hardtop 2 door,Gasoline,Small Car,Subcompact Cars
28.1096,36,281,1.5,2020,MINI,Cooper Hardtop 4 door,Gasoline,Small Car,Subcompact Cars
25.8656,34.138,304,2,2020,MINI,Cooper S Clubman,Gasoline,Car,Midsize Cars
23.1386,31.8632,333,2,2020,MINI,Cooper S Clubman All4,Gasoline,Car,Midsize Cars
25.8656,34.138,304,2,2020,MINI,Cooper S Convertible,Gasoline,Small Car,Minicompact Cars
24.3683,32.6618,321,2,2020,MINI,Cooper S Countryman,Gasoline,Car,Midsize Cars
22.6786,31.1662,341,2,2020,MINI,Cooper S Countryman All4,Gasoline,Car,Midsize Cars
26.3296,35.4962,297,2,2020,MINI,Cooper S Hardtop 2 door,Gasoline,Small Car,Subcompact Cars
26.3296,35.4962,297,2,2020,MINI,Cooper S Hardtop 4 door,Gasoline,Small Car,Subcompact Cars
23,30.2233,343,2,2020,MINI,JCW Countryman All4,Gasoline,Car,Midsize Cars
23.1741,30.8526,339,2,2020,MINI,John Cooper Works Clubman All4,Gasoline,Car,Midsize Cars
25.1342,33.1568,313,2,2020,MINI,John Cooper Works Convertible,Gasoline,Small Car,Minicompact Cars
25.6879,34.1416,305,2,2020,MINI,John Cooper Works Hardtop,Gasoline,Small Car,Subcompact Cars
25,27.9039,338,1.5,2020,Mitsubishi,Eclipse Cross 2WD,Gasoline,SUV/Van,Small Sport Utility Vehicle 2WD
24.5536,26.383,347,1.5,2020,Mitsubishi,Eclipse Cross 4WD,Gasoline,SUV/Van,Small Sport Utility Vehicle 4WD
26.2251,29,327,1.5,2020,Mitsubishi,Eclipse Cross ES 2WD,Gasoline,SUV/Van,Small Sport Utility Vehicle 2WD
25.0375,27.6604,337,1.5,2020,Mitsubishi,Eclipse Cross ES 4WD,Gasoline,SUV/Van,Small Sport Utility Vehicle 4WD
25.1319,30,326,2.4,2020,Mitsubishi,Outlander 2WD,Gasoline,SUV/Van,Small Sport Utility Vehicle 2WD
23.8555,28.938,341,2.4,2020,Mitsubishi,Outlander 4WD,Gasoline,SUV/Van,Small Sport Utility Vehicle 4WD
20.0813,26.9982,402,3,2020,Mitsubishi,Outlander 4WD,Gasoline,SUV/Van,Small Sport Utility Vehicle 4WD
25,26,174,2,2020,Mitsubishi,Outlander PHEV,Plug-in Hybrid,SUV/Van,Small Sport Utility Vehicle 4WD
24.3268,30.0243,331,2,2020,Mitsubishi,Outlander Sport 2WD,Gasoline,SUV/Van,Small Sport Utility Vehicle 2WD
23,29.2404,354,2.4,2020,Mitsubishi,Outlander Sport 2WD,Gasoline,SUV/Van,Small Sport Utility Vehicle 2WD
23.4239,28.867,344,2,2020,Mitsubishi,Outlander Sport 4WD,Gasoline,SUV/Van,Small Sport Utility Vehicle 4WD
23.0094,28,353,2.4,2020,Mitsubishi,Outlander Sport 4WD,Gasoline,SUV/Van,Small Sport Utility Vehicle 4WD
19.2877,26.4025,406,3.7,2020,Nissan,370Z,Gasoline,TwoSeater,Two Seaters
16.9285,25.5432,445,3.7,2020,Nissan,370Z,Gasoline,TwoSeater,Two Seaters
18.2452,24.9402,429,3.7,2020,Nissan,370Z Roadster,Gasoline,TwoSeater,Two Seaters
28,38.6671,278,2.5,2020,Nissan,Altima,Gasoline,Car,Midsize Cars
26,35.9247,300,2.5,2020,Nissan,Altima AWD,Gasoline,Car,Midsize Cars
25,35.1195,307,2.5,2020,Nissan,Altima AWD SR/Platinum,Gasoline,Car,Midsize Cars
27.4682,36.5736,288,2.5,2020,Nissan,Altima SR/Platinum,Gasoline,Car,Midsize Cars
25.4106,33.8035,311,2,2020,Nissan,Altima SR/Platinum,Gasoline,Car,Midsize Cars
14.133,19.3083,553,5.6,2020,Nissan,Armada 2WD,Gasoline,SUV/Van,Standard Sport Utility Vehicle 2WD
13,18,593,5.6,2020,Nissan,Armada 4WD,Gasoline,SUV/Van,Standard Sport Utility Vehicle 4WD
16.3188,21.6719,482,3.8,2020,Nissan,GT-R,Gasoline,Small Car,Subcompact Cars
20,29.9408,378,3.5,2020,Nissan,Maxima,Gasoline,Car,Midsize Cars
19.7892,28.3468,388,3.5,2020,Nissan,Murano AWD,Gasoline,Wagon,Midsize Station Wagons
20.1635,28,386,3.5,2020,Nissan,Murano FWD,Gasoline,Wagon,Midsize Station Wagons
19.8917,27.2199,392,3.5,2020,Nissan,Pathfinder 2WD,Gasoline,SUV/Van,Small Sport Utility Vehicle 2WD
19.5124,26.5272,401,3.5,2020,Nissan,Pathfinder 4WD,Gasoline,SUV/Van,Small Sport Utility Vehicle 4WD
18.8536,25.8037,414,3.5,2020,Nissan,Pathfinder 4WD Platinum,Gasoline,SUV/Van,Small Sport Utility Vehicle 4WD
24.8544,31.5041,324,2.5,2020,Nissan,Rogue AWD,Gasoline,SUV/Van,Small Sport Utility Vehicle 4WD
25.7228,33.0645,312,2.5,2020,Nissan,Rogue FWD,Gasoline,SUV/Van,Small Sport Utility Vehicle 2WD
31.7168,40.3268,253,1.6,2020,Nissan,Versa,Gasoline,Car,Compact Cars
27,35,296,1.6,2020,Nissan,Versa,Gasoline,Car,Compact Cars
18,23,445,3,2020,Porsche,911 Carrera 4S,Gasoline,Small Car,Minicompact Cars
18,23,445,3,2020,Porsche,911 Carrera 4S Cabriolet,Gasoline,Small Car,Minicompact Cars
18,24.3654,444,3,2020,Porsche,911 Carrera S,Gasoline,Small Car,Minicompact Cars
18.4859,23,444,3,2020,Porsche,911 Carrera S Cabriolet,Gasoline,Small Car,Minicompact Cars
18.8536,22.8462,432,3,2020,Porsche,Cayenne,Gasoline,SUV/Van,Standard Sport Utility Vehicle 4WD
17.9691,22.4473,448,2.9,2020,Porsche,Cayenne S,Gasoline,SUV/Van,Standard Sport Utility Vehicle 4WD
15.1221,19,529,4,2020,Porsche,Cayenne Turbo,Gasoline,SUV/Van,Standard Sport Utility Vehicle 4WD
19.2857,23,426,2,2020,Porsche,Macan,Gasoline,SUV/Van,Small Sport Utility Vehicle 4WD
18.2,23.1,438,3,2020,Porsche,Macan S,Gasoline,SUV/Van,Small Sport Utility Vehicle 4WD
19,27,401,3,2020,Porsche,Panamera,Gasoline,Car,Large Cars
19,26,407,3,2020,Porsche,Panamera 4,Gasoline,Car,Large Cars
19,26,407,3,2020,Porsche,Panamera 4 Executive,Gasoline,Car,Large Cars
19.2932,26.3231,403,3,2020,Porsche,Panamera 4 ST,Gasoline,Car,Large Cars
18,26.3879,419,2.9,2020,Porsche,Panamera 4S,Gasoline,Car,Large Cars
18,26.3879,419,2.9,2020,Porsche,Panamera 4S Executive,Gasoline,Car,Large Cars
18,24,440,2.9,2020,Porsche,Panamera 4S ST,Gasoline,Car,Large Cars
16.1793,23,474,4,2020,Porsche,Panamera GTS,Gasoline,Car,Large Cars
15,22.3807,503,4,2020,Porsche,Panamera GTS ST,Gasoline,Car,Large Cars
18.3385,25.478,420,4,2020,Porsche,Panamera Turbo,Gasoline,Car,Large Cars
18.3385,25.478,420,4,2020,Porsche,Panamera Turbo Exec,Gasoline,Car,Large Cars
19.2,22.1,289,4,2020,Porsche,Panamera Turbo S e-Hybrid,Plug-in Hybrid,Car,Large Cars
19.2,22.1,289,4,2020,Porsche,Panamera Turbo S e-Hybrid Executive,Plug-in Hybrid,Car,Large Cars
19.2,22.1,289,4,2020,Porsche,Panamera Turbo S e-Hybrid ST,Plug-in Hybrid,Car,Large Cars
17.5243,23.244,449,4,2020,Porsche,Panamera Turbo ST,Gasoline,Car,Large Cars
19.694,25.0847,407,3.6,2020,Ram,1500 2WD,Hybrid,Truck,Standard Pickup Trucks 2WD
16.7042,22.8793,467,5.7,2020,Ram,1500 2WD,Hybrid,Truck,Standard Pickup Trucks 2WD
14.5136,22.4805,514,5.7,2020,Ram,1500 2WD,Gasoline,Truck,Standard Pickup Trucks 2WD
22.4655,32.3515,390,3,2020,Ram,1500 2WD,Diesel,Truck,Standard Pickup Trucks 2WD
19.2932,24.2339,418,3.6,2020,Ram,1500 4WD,Hybrid,Truck,Standard Pickup Trucks 4WD
16.7059,21.932,475,5.7,2020,Ram,1500 4WD,Hybrid,Truck,Standard Pickup Trucks 4WD
14.5898,21.3781,523,5.7,2020,Ram,1500 4WD,Gasoline,Truck,Standard Pickup Trucks 4WD
21.2505,29.401,418,3,2020,Ram,1500 4WD,Diesel,Truck,Standard Pickup Trucks 4WD
20.3124,26.1934,394,3.6,2020,Ram,1500 HFE 2WD,Hybrid,Truck,Standard Pickup Trucks 2WD
11.7223,19.567,619,6.7,2020,Rolls-Royce,Cullinan,Gasoline,Wagon,Midsize Station Wagons
11.7223,19.567,619,6.7,2020,Rolls-Royce,Cullinan Black Badge,Gasoline,Wagon,Midsize Station Wagons
11.6311,18.2188,637,6.6,2020,Rolls-Royce,Dawn,Gasoline,Car,Compact Cars
11.6311,18.2188,637,6.6,2020,Rolls-Royce,Ghost,Gasoline,Car,Large Cars
11.6311,18.2188,637,6.6,2020,Rolls-Royce,Ghost EWB,Gasoline,Car,Large Cars
11.7348,19.8951,615,6.7,2020,Rolls-Royce,Phantom,Gasoline,Car,Large Cars
11.7348,19.8951,615,6.7,2020,Rolls-Royce,Phantom EWB,Gasoline,Car,Large Cars
11.9883,18.2739,624,6.6,2020,Rolls-Royce,Wraith,Gasoline,Car,Midsize Cars
20.5603,26.7005,386,2.4,2020,Subaru,Ascent,Gasoline,SUV/Van,Standard Sport Utility Vehicle 4WD
19.8039,25.6084,401,2.4,2020,Subaru,Ascent Limited/Touring,Gasoline,SUV/Van,Standard Sport Utility Vehicle 4WD
20.9339,28.5145,372,2,2020,Subaru,BRZ,Gasoline,Small Car,Minicompact Cars
24.2984,32.7237,322,2,2020,Subaru,BRZ,Gasoline,Small Car,Minicompact Cars
20.3124,27.3565,384,2,2020,Subaru,BRZ tS,Gasoline,Small Car,Minicompact Cars
22.3944,28.9563,355,2,2020,Subaru,Crosstrek AWD,Gasoline,SUV/Van,Small Sport Utility Vehicle 4WD
27.4614,33.2727,298,2,2020,Subaru,Crosstrek AWD,Gasoline,SUV/Van,Small Sport Utility Vehicle 4WD
26.1049,32.6393,309,2.5,2020,Subaru,Forester AWD,Gasoline,SUV/Van,Small Sport Utility Vehicle 4WD
23.2447,31.2288,337,2,2020,Subaru,Impreza 4-Door,Gasoline,Car,Midsize Cars
28.2741,36.1932,282,2,2020,Subaru,Impreza 4-Door,Gasoline,Car,Midsize Cars
23.5971,30.9153,335,2,2020,Subaru,Impreza 5-Door,Gasoline,Wagon,Small Station Wagons
27.7265,35.5231,288,2,2020,Subaru,Impreza 5-Door,Gasoline,Wagon,Small Station Wagons
23.3858,30.7898,337,2,2020,Subaru,Impreza Sport 4-Door,Gasoline,Car,Midsize Cars
27.1281,35.7879,291,2,2020,Subaru,Impreza Sport 4-Door,Gasoline,Car,Midsize Cars
22.3944,29.9708,351,2,2020,Subaru,Impreza Sport 5-Door,Gasoline,Wagon,Small Station Wagons
27.1962,35.0586,292,2,2020,Subaru,Impreza Sport 5-Door,Gasoline,Wagon,Small Station Wagons
26.8694,35.1445,295,2.5,2020,Subaru,Legacy AWD,Gasoline,Car,Large Cars
23.6674,32.3515,330,2.4,2020,Subaru,Legacy AWD,Gasoline,Car,Large Cars
26.0894,32.9477,308,2.5,2020,Subaru,Outback AWD,Gasoline,SUV/Van,Small Sport Utility Vehicle 4WD
23.2447,29.8444,343,2.4,2020,Subaru,Outback AWD,Gasoline,SUV/Van,Small Sport Utility Vehicle 4WD
20.5702,27.3169,382,2,2020,Subaru,WRX,Gasoline,Car,Compact Cars
18.2647,24.2339,422,2,2020,Subaru,WRX,Gasoline,Car,Compact Cars
16,21.9903,485,2.5,2020,Subaru,WRX,Gasoline,Car,Compact Cars
16.4046,18.9536,503,4,2020,Toyota,4Runner 2WD,Gasoline,SUV/Van,Standard Sport Utility Vehicle 2WD
15.8616,18.9036,515,4,2020,Toyota,4Runner 4WD,Gasoline,SUV/Van,Standard Sport Utility Vehicle 4WD
23.808,32.2893,328,2,2020,Toyota,86,Gasoline,Small Car,Minicompact Cars
20.9162,28.3671,373,2,2020,Toyota,86,Gasoline,Small Car,Minicompact Cars
21.5376,30.9011,354,3.5,2020,Toyota,Avalon,Gasoline,Car,Midsize Cars
43.237,43.213,203,2.5,2020,Toyota,Avalon Hybrid,Hybrid,Car,Midsize Cars
42.9632,44.48,201,2.5,2020,Toyota,Avalon Hybrid XLE,Hybrid,Car,Midsize Cars
22.2521,32.4757,341,3.5,2020,Toyota,Avalon XLE,Gasoline,Car,Midsize Cars
27.0745,31.2658,305,2,2020,Toyota,C-HR,Gasoline,Car,Compact Cars
22.3944,33.0332,338,3.5,2020,Toyota,Camry,Gasoline,Car,Midsize Cars
29,41.4291,264,2.5,2020,Toyota,Camry,Gasoline,Car,Midsize Cars
50.9899,52.7112,170,2.5,2020,Toyota,Camry Hybrid LE,Hybrid,Car,Midsize Cars
44.1939,47,195,2.5,2020,Toyota,Camry Hybrid XLE/SE,Hybrid,Car,Midsize Cars
27.7571,38.6989,279,2.5,2020,Toyota,Camry LE/SE,Gasoline,Car,Midsize Cars
21.7524,30.9781,354,3.5,2020,Toyota,Camry TRD,Gasoline,Car,Midsize Cars
27.4921,37.6217,284,2.5,2020,Toyota,Camry XLE/XSE,Gasoline,Car,Midsize Cars
22.0524,31.9782,345,3.5,2020,Toyota,Camry XSE,Gasoline,Car,Midsize Cars
30.8774,39.6137,257,2,2020,Toyota,Corolla,Gasoline,Car,Compact Cars
28.8174,36.4525,277,2,2020,Toyota,Corolla,Gasoline,Car,Compact Cars
29.786,38.1598,267,1.8,2020,Toyota,Corolla,Gasoline,Car,Compact Cars
29.2865,39.4367,266,1.8,2020,Toyota,Corolla,Gasoline,Car,Compact Cars
28.0101,37.0549,280,2,2020,Toyota,Corolla Hatchback,Gasoline,Car,Compact Cars
31.8662,41.1813,250,2,2020,Toyota,Corolla Hatchback,Gasoline,Car,Compact Cars
29.8859,38.3105,266,2,2020,Toyota,Corolla Hatchback XSE,Gasoline,Car,Compact Cars
53,52,170,1.8,2020,Toyota,Corolla Hybrid,Hybrid,Car,Compact Cars
28.8832,37.4703,274,1.8,2020,Toyota,Corolla XLE,Gasoline,Car,Compact Cars
30.5505,38.4903,265,2,2020,Toyota,Corolla XSE,Gasoline,Car,Compact Cars
23.7377,30.6012,334,3,2020,Toyota,GR Supra,Gasoline,TwoSeater,Two Seaters
12.6296,16.9437,618,5.7,2020,Toyota,Land Cruiser Wagon 4WD,Gasoline,SUV/Van,Standard Sport Utility Vehicle 4WD
54.4966,49.7304,169,1.8,2020,Toyota,Prius,Hybrid,Car,Midsize Cars
52,48.0503,176,1.8,2020,Toyota,Prius AWD,Hybrid,Car,Midsize Cars
48,43.041,193,1.5,2020,Toyota,Prius c,Hybrid,Car,Compact Cars
57.8088,53.3226,158,1.8,2020,Toyota,Prius Eco,Hybrid,Car,Midsize Cars
55.2206,53,78,1.8,2020,Toyota,Prius Prime,Plug-in Hybrid,Car,Midsize Cars
13.0795,17,609,5.7,2020,Toyota,Sequoia 2WD,Gasoline,SUV/Van,Standard Sport Utility Vehicle 2WD
12.7502,16.9819,618,5.7,2020,Toyota,Sequoia 4WD,Gasoline,SUV/Van,Standard Sport Utility Vehicle 4WD
18.6259,25.9706,417,3.5,2020,Toyota,Sienna 2WD,Gasoline,SUV/Van,Minivan - 2WD
17.5986,24.431,441,3.5,2020,Toyota,Sienna AWD,Gasoline,SUV/Van,Minivan - 4WD
18.7066,23.6408,431,3.5,2020,Toyota,Tacoma 2WD,Gasoline,Truck,Small Pickup Trucks 2WD
19.5124,23.3764,423,2.7,2020,Toyota,Tacoma 2WD,Gasoline,Truck,Small Pickup Trucks 2WD
18.1336,22.4226,448,3.5,2020,Toyota,Tacoma 4WD,Gasoline,Truck,Small Pickup Trucks 4WD
17.0777,20.571,481,3.5,2020,Toyota,Tacoma 4WD,Gasoline,Truck,Small Pickup Trucks 4WD
18.5595,22.2474,441,2.7,2020,Toyota,Tacoma 4WD,Gasoline,Truck,Small Pickup Trucks 4WD
17.0926,20.0574,483,3.5,2020,Toyota,Tacoma 4WD D-CAB MT TRD-ORP/PRO,Gasoline,Truck,Small Pickup Trucks 4WD
13.2284,17.741,595,5.7,2020,Toyota,Tundra 2WD,Gasoline,Truck,Standard Pickup Trucks 2WD
13.0818,16.6251,614,5.7,2020,Toyota,Tundra 4WD,Gasoline,Truck,Standard Pickup Trucks 4WD
30,39,264,1.5,2020,Toyota,Yaris,Gasoline,Car,Compact Cars
32.3109,40,252,1.5,2020,Toyota,Yaris,Gasoline,Car,Compact Cars
20.8185,24.1146,401,2,2020,Volkswagen,Atlas Cross Sport,Gasoline,SUV/Van,Small Sport Utility Vehicle 2WD
18.4122,22.6055,439,2,2020,Volkswagen,Atlas Cross Sport 4motion,Gasoline,SUV/Van,Small Sport Utility Vehicle 4WD
121.765,104.157,0,NA,2020,Volkswagen,e-Golf,EV,Car,Compact Cars
23.9544,32.1076,326,2,2020,Volkswagen,GTI,Gasoline,Car,Compact Cars
24.5388,32.957,319,2,2020,Volkswagen,Jetta,Gasoline,Car,Compact Cars
25.2479,32.471,315,2,2020,Volkswagen,Jetta,Gasoline,Car,Compact Cars
22.3233,29.0199,356,2,2020,Volkswagen,Tiguan,Gasoline,SUV/Van,Small Sport Utility Vehicle 2WD
20.4572,26.9699,388,2,2020,Volkswagen,Tiguan 4motion,Gasoline,SUV/Van,Small Sport Utility Vehicle 4WD
21.3224,31.8536,352,2,2020,Volvo,S60 AWD,Gasoline,Car,Compact Cars
28.1,33.5,151,2,2020,Volvo,S60 AWD PHEV,Plug-in Hybrid,Car,Compact Cars
23.4563,34.4479,322,2,2020,Volvo,S60 FWD,Gasoline,Car,Compact Cars
21.1786,31.1662,357,2,2020,Volvo,S90 AWD,Gasoline,Car,Midsize Cars
28.3,31.5,159,2,2020,Volvo,S90 AWD PHEV,Plug-in Hybrid,Car,Midsize Cars
28.1,33.5,151,2,2020,Volvo,V60 AWD PHEV,Plug-in Hybrid,Wagon,Small Station Wagons
21.5376,30.8526,354,2,2020,Volvo,V60 CC AWD,Gasoline,Wagon,Small Station Wagons
23.4563,34.4479,322,2,2020,Volvo,V60 FWD,Gasoline,Wagon,Small Station Wagons
21.1786,31.1662,357,2,2020,Volvo,V90 AWD,Gasoline,Wagon,Midsize Station Wagons
20.3848,29.5278,373,2,2020,Volvo,V90 CC AWD,Gasoline,Wagon,Midsize Station Wagons
22,33,339,2,2020,Volvo,V90 FWD,Gasoline,Wagon,Midsize Station Wagons
21.8954,30.4753,352,2,2020,Volvo,XC40 AWD,Gasoline,SUV/Van,Small Sport Utility Vehicle 4WD
23.2447,32.6618,331,2,2020,Volvo,XC40 FWD,Gasoline,SUV/Van,Small Sport Utility Vehicle 2WD
20.0948,27.4208,386,2,2020,Volvo,XC60 AWD,Gasoline,SUV/Van,Small Sport Utility Vehicle 4WD
20.4572,27.0988,387,2,2020,Volvo,XC60 AWD,Gasoline,SUV/Van,Small Sport Utility Vehicle 4WD
25.5,28.1,192,2,2020,Volvo,XC60 AWD PHEV,Plug-in Hybrid,SUV/Van,Small Sport Utility Vehicle 4WD
21.6093,29.0199,362,2,2020,Volvo,XC60 FWD,Gasoline,SUV/Van,Small Sport Utility Vehicle 2WD
20.4572,27.0988,387,2,2020,Volvo,XC90 AWD,Gasoline,SUV/Van,Standard Sport Utility Vehicle 4WD
17.7091,26.1609,429,2,2020,Volvo,XC90 AWD,Gasoline,SUV/Van,Standard Sport Utility Vehicle 4WD
26,28,193,2,2020,Volvo,XC90 AWD PHEV,Plug-in Hybrid,SUV/Van,Standard Sport Utility Vehicle 4WD
21.3942,29.8444,361,2,2020,Volvo,XC90 FWD,Gasoline,SUV/Van,Standard Sport Utility Vehicle 2WD
