year,brand,funny,patriotic,celebrity,danger,animals,views,likes,dislikes,superbowl_ads_dot_com_url,youtube_url
2018,Toyota,FALSE,FALSE,FALSE,FALSE,FALSE,173929,1233,38,https://superbowl-ads.com/good-odds-toyota/,https://www.youtube.com/watch?v=zeBZvwYQ-hA
2020,Bud Light,TRUE,FALSE,TRUE,TRUE,FALSE,47752,485,14,https://superbowl-ads.com/2020-bud-light-seltzer-inside-posts-brain/,https://www.youtube.com/watch?v=nbbp0VW7z8w
2006,Bud Light,TRUE,FALSE,FALSE,TRUE,TRUE,142310,129,15,https://superbowl-ads.com/2006-bud-light-bear-attack/,https://www.youtube.com/watch?v=yk0MQD5YgV8
2018,Hynudai,FALSE,FALSE,FALSE,FALSE,FALSE,198,2,0,https://superbowl-ads.com/hope-detector-nfl-super-bowl-lii-hyundai/,https://www.youtube.com/watch?v=lNPccrGk77A
2003,Bud Light,TRUE,FALSE,FALSE,TRUE,TRUE,13741,20,3,https://superbowl-ads.com/2003-bud-light-hermit-crab/,https://www.youtube.com/watch?v=ovQYgnXHooY
2020,Toyota,TRUE,FALSE,TRUE,TRUE,TRUE,23636,115,11,https://superbowl-ads.com/2020-toyota-go-places-with-cobie-smulders/,https://www.youtube.com/watch?v=f34Ji70u3nk
2020,Coca-Cola,TRUE,FALSE,TRUE,FALSE,TRUE,304254,1470,384,https://superbowl-ads.com/2020-coca-cola-energy-show-up/,https://www.youtube.com/watch?v=-gAZRN3SCBw
2020,Kia,FALSE,FALSE,TRUE,FALSE,FALSE,17892,78,6,https://superbowl-ads.com/2020-kia-tough-never-quits/,https://www.youtube.com/watch?v=lMs79UXam9A
2020,Hynudai,TRUE,FALSE,TRUE,FALSE,TRUE,38385,342,7,https://superbowl-ads.com/2020-hyundai-smaht-pahk/,https://www.youtube.com/watch?v=WBvkmWDjsYc
2020,Budweiser,FALSE,TRUE,TRUE,TRUE,FALSE,782,7,0,https://superbowl-ads.com/2020-budweiser-typical-american/,https://www.youtube.com/watch?v=J0xugdotpp8
2010,Hynudai,FALSE,TRUE,FALSE,FALSE,FALSE,68458,46,14,https://superbowl-ads.com/hd-2010-super-bowl-commercial-new-hyundai-super-bowl-44-xliv-ad-hyundai-body-pass-2011-sonata/,https://www.youtube.com/watch?v=dWQqIeAYfK8
2010,Bud Light,TRUE,FALSE,FALSE,TRUE,FALSE,3805,9,0,https://superbowl-ads.com/hd-exclusive-bud-light-scientist-2010-superbowl-44-xliv-commercial-ad/,https://www.youtube.com/watch?v=agISXMN4tng
2007,Budweiser,TRUE,FALSE,FALSE,FALSE,TRUE,184689,133,24,https://superbowl-ads.com/2007-budweiser-king-crab/,https://www.youtube.com/watch?v=7KHlMJE84eA
2002,Budweiser,FALSE,TRUE,FALSE,FALSE,TRUE,121400,642,10,https://superbowl-ads.com/2002-budweiser-ground-zero-clydesdales-bow/,https://www.youtube.com/watch?v=1MZUvib98Rs
2020,NFL,FALSE,TRUE,TRUE,FALSE,FALSE,26727063,175429,7445,https://superbowl-ads.com/2020-nfl-next-100/,https://www.youtube.com/watch?v=lbkafMhmvMo
2017,NFL,FALSE,FALSE,FALSE,FALSE,FALSE,865781,2315,130,https://superbowl-ads.com/2017-nfl-super-bowl-51-li-tv-commercial-super-bowl-baby-legends/,https://www.youtube.com/watch?v=9csH_Hy-7A4
2005,Bud Light,TRUE,FALSE,FALSE,TRUE,TRUE,8990,29,0,https://superbowl-ads.com/2005-bud-light-parrot/,https://www.youtube.com/watch?v=-gTWA5AsTP8
2009,Pepsi,TRUE,FALSE,FALSE,TRUE,FALSE,129399,345,12,https://superbowl-ads.com/2009-pepsi-max-im-good/,https://www.youtube.com/watch?v=qUZaSf7T7ig
2004,Bud Light,TRUE,FALSE,FALSE,FALSE,TRUE,3739,115,1,https://superbowl-ads.com/2004-bud-light-frank/,https://www.youtube.com/watch?v=mjN3OY9Eefk
2020,Doritos,TRUE,FALSE,TRUE,TRUE,TRUE,1990447,10717,576,https://superbowl-ads.com/2020-doritos-the-cool-ranch-with-lil-nas-x-and-sam-elliott/,https://www.youtube.com/watch?v=6xVnq31Vk8Y
2007,Bud Light,TRUE,FALSE,FALSE,TRUE,FALSE,72997,86,30,https://superbowl-ads.com/2007-bud-light-slap/,https://www.youtube.com/watch?v=aOfRpCp6Pgw
2020,Pepsi,FALSE,FALSE,TRUE,FALSE,FALSE,29219,146,38,https://superbowl-ads.com/2020-pepsi-zero-sugar-done-right/,https://www.youtube.com/watch?v=Ozb_fJB_z6o
2019,Hynudai,TRUE,TRUE,TRUE,FALSE,FALSE,38968,216,15,https://superbowl-ads.com/2019-hyundai-shopper-assurance-the-elevator-with-jason-bateman/,https://www.youtube.com/watch?v=6mfJ0EsqLWs
2009,Budweiser,FALSE,TRUE,FALSE,FALSE,TRUE,302143,527,15,https://superbowl-ads.com/2009-budweiser-clydesdales-generations/,https://www.youtube.com/watch?v=ukpnHh4eEeQ
2011,Kia,TRUE,FALSE,FALSE,TRUE,FALSE,36832,200,7,https://superbowl-ads.com/2011-kia-optima-one-epic-ride-super-bowl-xlv-commercial/,https://www.youtube.com/watch?v=8FMU5yPZgwM
2019,Doritos,FALSE,FALSE,TRUE,FALSE,FALSE,41828,683,14,https://superbowl-ads.com/2019-doritos-now-its-hot-with-chance-the-rapper-and-backstreet-boys/,https://www.youtube.com/watch?v=NvIcPAxZ39o
2019,Pepsi,TRUE,FALSE,TRUE,FALSE,FALSE,69050,773,37,https://superbowl-ads.com/2019-pepsi-more-than-ok/,https://www.youtube.com/watch?v=64UH1_D95gQ
2013,Hynudai,TRUE,FALSE,FALSE,TRUE,TRUE,4302,22,0,https://superbowl-ads.com/video-2013-hyundai-sonata-turbo-super-bowl-xlvii-stuck/,https://www.youtube.com/watch?v=WTf0XGpINJI
2019,NFL,TRUE,FALSE,TRUE,FALSE,FALSE,77720,680,15,https://superbowl-ads.com/2019-nfl-nfl100/,https://www.youtube.com/watch?v=sl8ooTIMk2w
2011,Coca-Cola,FALSE,FALSE,FALSE,FALSE,FALSE,113771,235,8,https://superbowl-ads.com/2011-coca-cola-border/,https://www.youtube.com/watch?v=Aw6-aXMBseo
2019,Pepsi,TRUE,FALSE,TRUE,FALSE,FALSE,128792,961,15,https://superbowl-ads.com/2019-pepsi-bubly-buble/,https://www.youtube.com/watch?v=I-_Uh-vZXgo
2016,Hynudai,TRUE,FALSE,FALSE,TRUE,TRUE,5049,40,3,https://superbowl-ads.com/hyundai-2016-super-bowl-50-ad-chase/,https://www.youtube.com/watch?v=r_kXSO9Cph0
2010,Bud Light,TRUE,FALSE,FALSE,FALSE,FALSE,85454,120,3,https://superbowl-ads.com/hd-exclusive-stranded-budweiser-2010-super-bowl-44-xliv-commercial-ad/,https://www.youtube.com/watch?v=zE7wyUmsM0k
2000,E-Trade,TRUE,FALSE,FALSE,FALSE,TRUE,9036,51,2,https://superbowl-ads.com/2000-etrade-monkey-dance/,https://www.youtube.com/watch?v=Muyq2kMDFoA
2001,Bud Light,TRUE,FALSE,FALSE,FALSE,TRUE,2801,9,0,https://superbowl-ads.com/2001-bud-light-otto/,https://www.youtube.com/watch?v=XJEYIR-Cai4
2018,Doritos,TRUE,FALSE,TRUE,FALSE,FALSE,23327,333,6,https://superbowl-ads.com/2018-doritos-blaze-vs-mtn-dew-ice/,https://www.youtube.com/watch?v=rZh_CbcVe7M
2001,Budweiser,TRUE,FALSE,FALSE,FALSE,FALSE,50088,151,3,https://superbowl-ads.com/2001-budweiser-what-are-you-doing/,https://www.youtube.com/watch?v=gtmJEt0w1k4
2018,Coca-Cola,FALSE,FALSE,TRUE,FALSE,FALSE,301,2,0,https://superbowl-ads.com/life-is-short-have-a-diet-coke-because-i-can-diet-coke/,https://www.youtube.com/watch?v=be5DH6jQs38
2013,Hynudai,FALSE,FALSE,FALSE,FALSE,TRUE,3667,7,2,https://superbowl-ads.com/video-hyundai-2013-super-bowl-xlvii-ad-epic-playdate/,https://www.youtube.com/watch?v=YyKVvAZSAug
2004,Pepsi,TRUE,FALSE,FALSE,FALSE,TRUE,179695,295,12,https://superbowl-ads.com/2004-pepsi-bears-find-food/,https://www.youtube.com/watch?v=GzWUUZRli6s
2018,Kia,FALSE,FALSE,TRUE,FALSE,FALSE,16399,219,3,https://superbowl-ads.com/2018-kia-stinger-steven-tyler-big-game-ad-feel-something-again/,https://www.youtube.com/watch?v=9_dE6Z2HK8I
2018,Pepsi,FALSE,TRUE,TRUE,FALSE,FALSE,669906,2849,181,https://superbowl-ads.com/2018_pepsi_this_is_the_pepsi/,https://www.youtube.com/watch?v=0gHYd67OumQ
2018,NFL,TRUE,FALSE,TRUE,FALSE,FALSE,3464175,20508,556,https://superbowl-ads.com/touchdown-celebrations-to-come-nfl-super-bowl-lii-commercial/,https://www.youtube.com/watch?v=KUoD-gPDahw
2010,E-Trade,TRUE,FALSE,FALSE,FALSE,FALSE,14927,19,1,https://superbowl-ads.com/hd-exclusive-e-trade-baby-tears-2010-superbowl-44-xliv-commercial-ad/,https://www.youtube.com/watch?v=LgiYL1Ry2I8
2017,NFL,FALSE,TRUE,TRUE,FALSE,FALSE,310443,2215,323,https://superbowl-ads.com/2017-nfl-super-bowl-51-li-tv-commercial-inside-lines/,https://www.youtube.com/watch?v=pvKBdrx4quA
2000,E-Trade,TRUE,FALSE,FALSE,TRUE,FALSE,67182,121,4,https://superbowl-ads.com/2000-etrade-money-out-of-the-wazoo/,https://www.youtube.com/watch?v=oftjwYmlfoA
2007,E-Trade,TRUE,TRUE,FALSE,FALSE,FALSE,97247,97,22,https://superbowl-ads.com/2007-etrade-one-finger/,https://www.youtube.com/watch?v=jaR5-kefxn4
2000,Budweiser,TRUE,FALSE,FALSE,FALSE,FALSE,5264,10,1,https://superbowl-ads.com/2000-budweiser-whaasup-game/,https://www.youtube.com/watch?v=loimTUjV92Q
2013,Doritos,TRUE,FALSE,FALSE,FALSE,TRUE,576696,2541,94,https://superbowl-ads.com/video-doritos-2013-super-bowl-xlvii-commercial-goat-for-sale/,https://www.youtube.com/watch?v=DoM6IhfY8No
2013,Budweiser,FALSE,FALSE,FALSE,FALSE,FALSE,1171,5,2,https://superbowl-ads.com/video-budweiser-black-crown-2013-super-bowl-xlvii-ad-coronation/,https://www.youtube.com/watch?v=AMP9fgyi41M
2007,Doritos,TRUE,FALSE,FALSE,TRUE,FALSE,1683994,2508,861,https://superbowl-ads.com/2007-doritos-live-the-favor/,https://www.youtube.com/watch?v=kNxgxF-7SfA
2009,Budweiser,TRUE,TRUE,FALSE,FALSE,TRUE,49339,67,2,https://superbowl-ads.com/2009-budweiser-clydesdale-plays-fetch/,https://www.youtube.com/watch?v=w_ZEGUX4YnI
2012,E-Trade,TRUE,FALSE,FALSE,FALSE,FALSE,21,0,0,https://superbowl-ads.com/2012-etrade-fatherhood/,https://www.youtube.com/watch?v=fObt1E6Ij_E
2019,Bud Light,TRUE,FALSE,FALSE,FALSE,FALSE,36683,65,117,https://superbowl-ads.com/2019-bud-light-medieval-barbers/,https://www.youtube.com/watch?v=hkSQ2Vr41bM
2017,Kia,TRUE,FALSE,TRUE,TRUE,TRUE,87687,589,22,https://superbowl-ads.com/2017-kia-super-bowl-51-li-tv-commercial-heros-journey-starring-melissa-mccarthy/,https://www.youtube.com/watch?v=pVxmT2x3Od4
2007,Bud Light,TRUE,FALSE,FALSE,TRUE,FALSE,177497,392,9,https://superbowl-ads.com/2007-bud-light-but-he-has-bud-light/,https://www.youtube.com/watch?v=qIC90Vnc-OI
2011,Bud Light,TRUE,FALSE,FALSE,FALSE,TRUE,350,1,1,https://superbowl-ads.com/2011-bud-light-dog-sitter/,https://www.youtube.com/watch?v=JJn1vM7LB1Y
2016,Pepsi,FALSE,FALSE,TRUE,FALSE,FALSE,40818,320,19,https://superbowl-ads.com/pepsi-2016-super-bowl-50-ad-joy-pepsi/,https://www.youtube.com/watch?v=B9j4Cw5dkBs
2009,Hynudai,TRUE,FALSE,FALSE,FALSE,FALSE,373684,585,178,https://superbowl-ads.com/2009-hyundai-angry-bosses/,https://www.youtube.com/watch?v=puG0WOgAUfs
2011,Coca-Cola,TRUE,FALSE,FALSE,TRUE,TRUE,87396,53,2,https://superbowl-ads.com/2011-coca-cola-siege/,https://www.youtube.com/watch?v=nAJvHsVoLq0
2016,Hynudai,TRUE,FALSE,TRUE,FALSE,TRUE,11074,91,5,https://superbowl-ads.com/hyundai-2016-super-bowl-50-ad-ryanville/,https://www.youtube.com/watch?v=wBcijELzZi4
2009,Doritos,TRUE,FALSE,FALSE,FALSE,FALSE,41379,103,9,https://superbowl-ads.com/2009-doritos-new-flavor-pitch/,https://www.youtube.com/watch?v=qKKpRhFcKBk
2010,Doritos,TRUE,FALSE,FALSE,TRUE,FALSE,219464,1136,28,https://superbowl-ads.com/hd-exclusive-doritos-samurai-2010-super-bowl-44-xliv-commercial-ad/,https://www.youtube.com/watch?v=1ww1k7w4WQ8
2015,Doritos,TRUE,FALSE,FALSE,FALSE,FALSE,2319854,2746,203,https://superbowl-ads.com/2015-doritos-middle-seat/,https://www.youtube.com/watch?v=2JqRXLQYF9o
2007,Coca-Cola,FALSE,TRUE,FALSE,TRUE,TRUE,249186,452,49,https://superbowl-ads.com/2007-coca-cola-video-game/,https://www.youtube.com/watch?v=3Tnm53uXIvg
2019,Toyota,FALSE,FALSE,FALSE,FALSE,FALSE,6713,68,5,https://superbowl-ads.com/2019-toyota-supra-wizard/,https://www.youtube.com/watch?v=ZuBbnZ3UbJw
2002,Budweiser,TRUE,FALSE,FALSE,FALSE,FALSE,38574,199,7,https://superbowl-ads.com/2002-budweiser-how-ya-doin/,https://www.youtube.com/watch?v=mhEYXcCB1Qw
2014,Coca-Cola,TRUE,FALSE,FALSE,FALSE,FALSE,3900,14,3,https://superbowl-ads.com/2014-coca-going-all-the-way/,https://www.youtube.com/watch?v=nO-8ZY7p95o
2004,Budweiser,TRUE,FALSE,FALSE,FALSE,FALSE,327529,803,42,https://superbowl-ads.com/2004-budweiser-referee/,https://www.youtube.com/watch?v=uO-E2T1hayU
2016,Coca-Cola,TRUE,FALSE,TRUE,TRUE,FALSE,6428474,58957,2673,https://superbowl-ads.com/coca-cola-mini-2016-super-bowl-50-ad-hulk-vs-ant-man/,https://www.youtube.com/watch?v=sMkGwCw7iv8
2015,Budweiser,TRUE,FALSE,FALSE,TRUE,TRUE,7621,14,2,https://superbowl-ads.com/2015-budweiser-clydesdale-beer-run/,https://www.youtube.com/watch?v=5tso0er4EUI
2016,Hynudai,TRUE,FALSE,TRUE,FALSE,FALSE,156718,1243,24,https://superbowl-ads.com/hyundai-2016-super-bowl-50-ad-first-date/,https://www.youtube.com/watch?v=KwUUdl22mkA
2001,Bud Light,TRUE,FALSE,FALSE,TRUE,FALSE,60774,269,10,https://superbowl-ads.com/2001-bud-light-pencil-pusher/,https://www.youtube.com/watch?v=J89vbNUzhIE
2003,Bud Light,TRUE,FALSE,FALSE,TRUE,FALSE,3754,18,1,https://superbowl-ads.com/2003-bud-light-strongman/,https://www.youtube.com/watch?v=_cEQ5g6bzdM
2000,Bud Light,TRUE,FALSE,FALSE,TRUE,FALSE,6641,7,1,https://superbowl-ads.com/2000-bud-light-hold-the-door/,https://www.youtube.com/watch?v=M3IV93HwSkc
2001,Pepsi,TRUE,FALSE,FALSE,FALSE,FALSE,788,4,2,https://superbowl-ads.com/2001-pepsi-subway-miracle/,https://www.youtube.com/watch?v=1nmPv4M8Ps8
2014,Doritos,TRUE,FALSE,FALSE,TRUE,TRUE,10929,37,3,https://superbowl-ads.com/2014-doritos-cowboy-kid/,https://www.youtube.com/watch?v=1X_M47SQF6s
2016,Budweiser,FALSE,FALSE,TRUE,FALSE,FALSE,136,0,0,https://superbowl-ads.com/budweiser-2016-super-bowl-50-ad-simply-put/,https://www.youtube.com/watch?v=Le_2S2db0Bk
2004,Budweiser,FALSE,TRUE,FALSE,FALSE,TRUE,1939823,3744,108,https://superbowl-ads.com/2004-budweiser-donkey/,https://www.youtube.com/watch?v=pmmsr7PAhWU
2015,Budweiser,FALSE,TRUE,FALSE,FALSE,TRUE,79,0,0,https://superbowl-ads.com/budweiser-2015-super-bowl-xlix-ad-brewed-the-hard-way/,https://www.youtube.com/watch?v=7_EfXuGev24
2016,Kia,TRUE,FALSE,TRUE,FALSE,FALSE,14395,86,1,https://superbowl-ads.com/kia-optima-2016-super-bowl-50-ad-walken-closet/,https://www.youtube.com/watch?v=rBkPXt-OpA4
2017,Budweiser,FALSE,TRUE,FALSE,TRUE,FALSE,28785122,48423,17113,https://superbowl-ads.com/2017-budweiser-super-bowl-51-li-tv-commercial-born-hard-way/,https://www.youtube.com/watch?v=HtBZvl7dIu4
2009,Coca-Cola,FALSE,FALSE,FALSE,FALSE,TRUE,503550,1490,296,https://superbowl-ads.com/2009-coca-cola-heist/,https://www.youtube.com/watch?v=icV7fGqPZ2I
2015,Doritos,TRUE,TRUE,FALSE,FALSE,TRUE,1274288,2031,149,https://superbowl-ads.com/doritos-2015-super-bowl-xlix-ad-when-pigs-fly/,https://www.youtube.com/watch?v=YQo0TfuueaY
2004,Toyota,TRUE,FALSE,FALSE,TRUE,FALSE,112297,640,9,https://superbowl-ads.com/2004-toyota-revenge/,https://www.youtube.com/watch?v=5uLJitPWAXM
2016,NFL,FALSE,TRUE,TRUE,FALSE,FALSE,4921309,20690,2015,https://superbowl-ads.com/nfl-2016-super-bowl-50-ad-super-bowl-babies-choir/,https://www.youtube.com/watch?v=9KqekigARfE
2017,Hynudai,FALSE,TRUE,FALSE,FALSE,FALSE,907,8,0,https://superbowl-ads.com/2017-hyundai-super-bowl-51-li-tv-commercial-better-super-bowl/,https://www.youtube.com/watch?v=KpN6fxOorwE
2012,Bud Light,TRUE,FALSE,FALSE,FALSE,TRUE,14579,42,1,https://superbowl-ads.com/2012-bud-light-rescue-dog/,https://www.youtube.com/watch?v=Qr3GJqccGi4
2008,Budweiser,FALSE,TRUE,FALSE,FALSE,TRUE,110004,300,7,https://superbowl-ads.com/2008-budweiser-dalmatian-trains-hank-for-team/,https://www.youtube.com/watch?v=odpagg0jV6I
2013,Hynudai,TRUE,FALSE,FALSE,TRUE,TRUE,114478,1042,11,https://superbowl-ads.com/video-hyundai-2013-super-bowl-xlvii-ad-santafe-team/,https://www.youtube.com/watch?v=jvm68nEAU7o
2010,Doritos,TRUE,FALSE,FALSE,FALSE,FALSE,11608,22,0,https://superbowl-ads.com/hd-exclusive-casket-funeral-doritos-2010-super-bowl-44-xliv-commercial-ad/,https://www.youtube.com/watch?v=2IhJl7mBtls
2019,Toyota,FALSE,FALSE,FALSE,FALSE,FALSE,4873,32,14,https://superbowl-ads.com/2019-toyota-toni-with-antoinette-harris/,https://www.youtube.com/watch?v=wegrVsP3gK4
2009,Bud Light,TRUE,FALSE,FALSE,TRUE,FALSE,54079,171,7,https://superbowl-ads.com/2009-bud-light-meeting/,https://www.youtube.com/watch?v=L1fL0ZHX2t0
2003,Bud Light,TRUE,FALSE,FALSE,FALSE,FALSE,147160,53,15,https://superbowl-ads.com/2003-bud-light-yoga/,https://www.youtube.com/watch?v=bcV8WN1YIL4
2019,Coca-Cola,FALSE,TRUE,FALSE,FALSE,TRUE,81952,417,56,https://superbowl-ads.com/2019-coca-cola-a-coke-is-a-coke/,https://www.youtube.com/watch?v=WTqL_giKNHQ
2012,Hynudai,TRUE,FALSE,FALSE,TRUE,FALSE,1264,2,0,https://superbowl-ads.com/2012-hyundai-genesis-heart/,https://www.youtube.com/watch?v=UxQKSCpOIOI
2011,Hynudai,TRUE,FALSE,FALSE,FALSE,FALSE,319,0,0,https://superbowl-ads.com/2011-hyundai-super-bowl-commercial-hypnotized-video/,https://www.youtube.com/watch?v=5ofcQl6gWeE
2015,Kia,TRUE,FALSE,TRUE,TRUE,TRUE,81049,74,0,https://superbowl-ads.com/2015-kia-sorento-the-perfect-getaway-with-pierce-brosnan/,https://www.youtube.com/watch?v=nayeYTmEdYw
2007,Bud Light,TRUE,FALSE,FALSE,TRUE,FALSE,218329,309,8,https://superbowl-ads.com/2007-bud-light-rock-scissors-paper/,https://www.youtube.com/watch?v=kH50-giCeDM
2008,Hynudai,FALSE,FALSE,FALSE,FALSE,FALSE,13312,18,11,https://superbowl-ads.com/2008-hyundai-genesis-luxury/,https://www.youtube.com/watch?v=PsKJUnGEGSs
2010,NFL,FALSE,TRUE,FALSE,FALSE,FALSE,91378,404,14,https://superbowl-ads.com/2010-nfl-best-fans-on-the-planet/,https://www.youtube.com/watch?v=6cMHr8goUgU
2005,Pepsi,TRUE,FALSE,FALSE,FALSE,FALSE,111,0,0,https://superbowl-ads.com/2005-pepsi-song-in-a-bottle/,https://www.youtube.com/watch?v=vUwROngDC88
2018,Budweiser,FALSE,TRUE,FALSE,FALSE,FALSE,39897,138,8,https://superbowl-ads.com/41891-2/,https://www.youtube.com/watch?v=GNVw5f16GEM
2018,Bud Light,TRUE,FALSE,FALSE,TRUE,TRUE,33766,144,23,https://superbowl-ads.com/bud-light-the-bud-knight/,https://www.youtube.com/watch?v=UizTtcBsNi8
2004,Bud Light,TRUE,FALSE,FALSE,TRUE,TRUE,88445,118,6,https://superbowl-ads.com/2004-bud-light-sleigh-ride/,https://www.youtube.com/watch?v=yQ_nU0_R7PE
2002,Budweiser,TRUE,FALSE,FALSE,FALSE,FALSE,13245,49,3,https://superbowl-ads.com/2002-budweiser-anniversary-card/,https://www.youtube.com/watch?v=LnU2T2P1oxA
2006,Budweiser,TRUE,FALSE,FALSE,FALSE,FALSE,85274,78,16,https://superbowl-ads.com/2006-budweiser-stadium-crowd-wave/,https://www.youtube.com/watch?v=4WeAvfP1ikU
2014,Bud Light,FALSE,FALSE,TRUE,FALSE,TRUE,134186,405,27,https://superbowl-ads.com/2014-bud-light-up-for-whatever-2/,https://www.youtube.com/watch?v=PnOW5qj_R6A
2009,Coca-Cola,TRUE,FALSE,FALSE,FALSE,TRUE,1452877,3511,296,https://superbowl-ads.com/2009-coca-cola-avatar/,https://www.youtube.com/watch?v=Kwke0LNardc
2014,Toyota,TRUE,FALSE,TRUE,FALSE,TRUE,25834,140,5,https://superbowl-ads.com/2014-toyota-highlander-no-room-for-boring/,https://www.youtube.com/watch?v=b01P9PaaoLk
2009,Bud Light,TRUE,FALSE,FALSE,TRUE,FALSE,30123,33,2,https://superbowl-ads.com/2009-bud-light-skier/,https://www.youtube.com/watch?v=LEVQAU_LITI
2014,Kia,FALSE,FALSE,TRUE,TRUE,FALSE,17209,198,2,https://superbowl-ads.com/2014-kia-the-truth/,https://www.youtube.com/watch?v=FTNMYoKHwvU
2014,Hynudai,TRUE,FALSE,TRUE,TRUE,FALSE,1874,20,0,https://superbowl-ads.com/2014-hyundai-elantra-nice/,https://www.youtube.com/watch?v=2jMWybAKjWw
2008,Bud Light,TRUE,FALSE,FALSE,FALSE,FALSE,598260,755,54,https://superbowl-ads.com/2008-bud-light-wheel-suck/,https://www.youtube.com/watch?v=WX8Du9pusdA
2003,Budweiser,TRUE,FALSE,FALSE,FALSE,FALSE,27378,18,2,https://superbowl-ads.com/2003-budweiser-great-listener/,https://www.youtube.com/watch?v=zx4SnN9HuRw
2013,Bud Light,TRUE,FALSE,TRUE,FALSE,FALSE,394,1,0,https://superbowl-ads.com/video-bud-light-2013-super-bowl-xlvii-ad-journey/,https://www.youtube.com/watch?v=leptS7k6sLE
2011,Doritos,TRUE,FALSE,FALSE,TRUE,TRUE,122388,561,8,https://superbowl-ads.com/2011-doritos-pug-attack/,https://www.youtube.com/watch?v=1A6frF5zfDE
2005,Bud Light,TRUE,FALSE,FALSE,FALSE,FALSE,16997,69,3,https://superbowl-ads.com/2005-bud-light-skydiver/,https://www.youtube.com/watch?v=Y9wyIID8Khs
2014,Doritos,TRUE,FALSE,FALSE,FALSE,TRUE,7952240,18729,1430,https://superbowl-ads.com/2014-doritos-time-machine/,https://www.youtube.com/watch?v=Y-P0Hs0ADJY
2008,Bud Light,TRUE,FALSE,FALSE,FALSE,FALSE,555734,414,58,https://superbowl-ads.com/2008-bud-light-wine-cheese-party/,https://www.youtube.com/watch?v=aEWtTVaIH0M
2012,Pepsi,FALSE,FALSE,TRUE,FALSE,FALSE,582575,1526,138,https://superbowl-ads.com/2012-pepsi-kings-court/,https://www.youtube.com/watch?v=3rZs8ZKTsp0
2012,Doritos,TRUE,FALSE,FALSE,TRUE,TRUE,86928,130,12,https://superbowl-ads.com/2012-doritos-mans-best-friend/,https://www.youtube.com/watch?v=kMmd0WaQFGE
2012,Toyota,TRUE,FALSE,FALSE,TRUE,TRUE,116294,1153,13,https://superbowl-ads.com/2012-toyota-camry-its-reinvented/,https://www.youtube.com/watch?v=oYdJKey7VpU
2002,Bud Light,TRUE,FALSE,FALSE,TRUE,TRUE,3548,13,0,https://superbowl-ads.com/2002-bud-light-falcon/,https://www.youtube.com/watch?v=ZBD4dYTpYAU
2002,Bud Light,TRUE,FALSE,FALSE,TRUE,FALSE,63129,178,5,https://superbowl-ads.com/2002-bud-light-robobash/,https://www.youtube.com/watch?v=oJvsWvaTr4w
2013,E-Trade,TRUE,FALSE,FALSE,FALSE,TRUE,139,1,0,https://superbowl-ads.com/video-etrade-baby-2013-super-bowl-xlvii-commercial-save-it/,https://www.youtube.com/watch?v=F0nhq4GO90s
2008,Bud Light,TRUE,FALSE,FALSE,TRUE,TRUE,24595,26,3,https://superbowl-ads.com/2008-bud-light-breathe-fire/,https://www.youtube.com/watch?v=AhqPl1IKVo4
2012,Coca-Cola,FALSE,FALSE,FALSE,FALSE,TRUE,15776,63,4,https://superbowl-ads.com/2012-coca-cola-arghh-ny-bear/,https://www.youtube.com/watch?v=jhvAXT9R_3U
2004,Pepsi,TRUE,FALSE,FALSE,FALSE,FALSE,55676,222,9,https://superbowl-ads.com/2004-pepsi-jimi-hendrix/,https://www.youtube.com/watch?v=NOOmu1Rz17Y
2010,Doritos,TRUE,FALSE,FALSE,TRUE,TRUE,132054,273,18,https://superbowl-ads.com/hd-exclusive-dog-shock-collar-doritos-commercial-super-bowl-44-2010-super-bowl-xliv/,https://www.youtube.com/watch?v=UBaZDWIs3fs
2012,Kia,TRUE,FALSE,TRUE,FALSE,FALSE,56257,396,5,https://superbowl-ads.com/2012-kia-optima-drive-the-dream-extended-version/,https://www.youtube.com/watch?v=9RI6OGXq11Y
2012,NFL,FALSE,FALSE,TRUE,FALSE,FALSE,403641,1980,42,https://superbowl-ads.com/2012-nfl-timeline/,https://www.youtube.com/watch?v=CPr4-P19NtE
2010,Hynudai,FALSE,FALSE,TRUE,FALSE,FALSE,176547,306,11,https://superbowl-ads.com/hd-exclusive-2010-super-bowl-xliv-commercial-with-brett-favre-hyundai-commercial/,https://www.youtube.com/watch?v=KqAWv2wCW8I
2004,Bud Light,TRUE,FALSE,FALSE,TRUE,FALSE,561,6,0,https://superbowl-ads.com/2004-bud-light-paintball/,https://www.youtube.com/watch?v=qbS0gF3YdBg
2008,Bud Light,TRUE,FALSE,FALSE,FALSE,FALSE,166102,161,10,https://superbowl-ads.com/2008-bud-light-x-ray-vision/,https://www.youtube.com/watch?v=cOEMI8HRhlA
2006,Bud Light,TRUE,FALSE,FALSE,FALSE,FALSE,95355,328,14,https://superbowl-ads.com/2006-bud-light-magic-fridge/,https://www.youtube.com/watch?v=67dRRrRz2t8
2007,Coca-Cola,FALSE,FALSE,FALSE,FALSE,TRUE,11311,29,3,https://superbowl-ads.com/2007-coca-cola-happiness-factory/,https://www.youtube.com/watch?v=NwZpO6saPxI
2007,Budweiser,FALSE,FALSE,FALSE,TRUE,TRUE,48035,47,2,https://superbowl-ads.com/2007-budweiser-dalmatian/,https://www.youtube.com/watch?v=esOPYOeotTU
2013,Doritos,TRUE,FALSE,FALSE,FALSE,FALSE,1404745,2491,359,https://superbowl-ads.com/video-doritos-2013-super-bowl-xlvii-ad-fashionista-daddy/,https://www.youtube.com/watch?v=w_2k5LMeduc
2010,Bud Light,TRUE,FALSE,TRUE,FALSE,FALSE,34565,100,6,https://superbowl-ads.com/hd-exclusive-bud-light-auto-tune-t-pain-2010-superbowl-44-xliv-commercial-ad/,https://www.youtube.com/watch?v=bDhjcP02GQg
2009,Doritos,TRUE,FALSE,FALSE,TRUE,TRUE,640393,1921,215,https://superbowl-ads.com/2009-doritos-power-of-the-crunch/,https://www.youtube.com/watch?v=7DZao4kN73M
2009,Coca-Cola,TRUE,FALSE,TRUE,TRUE,FALSE,45799,99,7,https://superbowl-ads.com/2009-coke-zero-mean-troy/,https://www.youtube.com/watch?v=XKFUcEkIbEg
2009,Pepsi,FALSE,TRUE,TRUE,TRUE,FALSE,1294,7,0,https://superbowl-ads.com/2009-pepsi-anthem/,https://www.youtube.com/watch?v=WIzKwJmYLNs
2001,E-Trade,FALSE,FALSE,FALSE,TRUE,TRUE,103433,167,7,https://superbowl-ads.com/2001-etrade-dot-com-ghost-town/,https://www.youtube.com/watch?v=ONZFkqzuMjI
2018,Bud Light,TRUE,FALSE,FALSE,TRUE,TRUE,41441,224,7,https://superbowl-ads.com/bud-light-ye-olde-pep-talk/,https://www.youtube.com/watch?v=xza7T89Lda4
2010,Kia,TRUE,FALSE,FALSE,FALSE,TRUE,50850,92,4,https://superbowl-ads.com/hd-exclusive-kias-big-game-commercial-2010-super-bowl-44-xliv-ad/,https://www.youtube.com/watch?v=7q2yVq6fDEg
2008,Doritos,TRUE,FALSE,FALSE,TRUE,FALSE,232124,988,31,https://superbowl-ads.com/2008-doritos-mouse-trap/,https://www.youtube.com/watch?v=h8qgk5tXuUA
2012,Coca-Cola,FALSE,FALSE,FALSE,FALSE,TRUE,10925,71,18,https://superbowl-ads.com/2012-coca-cola-superstition/,https://www.youtube.com/watch?v=x1nttVdja9s
2011,Hynudai,FALSE,FALSE,FALSE,FALSE,TRUE,92,1,0,https://superbowl-ads.com/2011-hyundai-super-bowl-commercial-deprogramming-video/,https://www.youtube.com/watch?v=32d5c_IW2Xc
2008,Coca-Cola,TRUE,TRUE,TRUE,FALSE,FALSE,14267,36,2,https://superbowl-ads.com/2008-coca-cola-political-parties/,https://www.youtube.com/watch?v=2_LWZe2BGaE
2002,Bud Light,TRUE,FALSE,FALSE,TRUE,FALSE,67452,270,15,https://superbowl-ads.com/2002-bud-light-satin-sheets/,https://www.youtube.com/watch?v=-LwSb4cCAnw
2013,Kia,TRUE,FALSE,FALSE,FALSE,TRUE,10338,39,2,https://superbowl-ads.com/video-2013-kia-super-bowl-xlvii-commercial-space-babies/,https://www.youtube.com/watch?v=k5vbGQb7jR0
2008,Pepsi,TRUE,FALSE,TRUE,TRUE,FALSE,236941,594,14,https://superbowl-ads.com/2008-pepsi-every-sip-with-justin-timberlake/,https://www.youtube.com/watch?v=AKKM8sP24BE
2011,Hynudai,FALSE,FALSE,FALSE,FALSE,FALSE,56,0,0,https://superbowl-ads.com/2011-hyundai-super-bowl-commercial-anachronistic-city-video/,https://www.youtube.com/watch?v=-BVMOKtawUk
2008,Bud Light,TRUE,TRUE,TRUE,FALSE,FALSE,729583,588,180,https://superbowl-ads.com/2008-bud-light-language-of-love/,https://www.youtube.com/watch?v=Ao0x4zsb724
2008,Bud Light,TRUE,FALSE,TRUE,FALSE,FALSE,1060001,1384,121,https://superbowl-ads.com/2008-bud-light-jackie-moon-will-ferrell/,https://www.youtube.com/watch?v=ecqiZn2DDFQ
2010,E-Trade,TRUE,FALSE,FALSE,FALSE,FALSE,1046640,1206,58,https://superbowl-ads.com/hd-exclusive-e-trade-baby-girlfriend-2010-superbowl-44-xliv-commercial-ad/,https://www.youtube.com/watch?v=tbLTl7egwlU
2013,Budweiser,FALSE,FALSE,FALSE,FALSE,FALSE,236,1,0,https://superbowl-ads.com/video-budweiser-black-crown-2013-super-bowl-xlvii-ad-celebration/,https://www.youtube.com/watch?v=2WNvlXoDs7w
2001,Pepsi,TRUE,FALSE,FALSE,FALSE,FALSE,65162,109,4,https://superbowl-ads.com/2001-pepsi-roller-coaster/,https://www.youtube.com/watch?v=MwfL-DkL1Vg
2018,Coca-Cola,FALSE,FALSE,FALSE,FALSE,FALSE,179,1,0,https://superbowl-ads.com/diet-coke-twisted-mango-groove/,https://www.youtube.com/watch?v=nkGd47iB-wU
2003,Bud Light,TRUE,FALSE,FALSE,FALSE,FALSE,177285,229,10,https://superbowl-ads.com/2003-bud-light-upside-down-clown/,https://www.youtube.com/watch?v=DTvxyDwP2CA
2011,Pepsi,TRUE,FALSE,FALSE,TRUE,FALSE,204026,476,159,https://superbowl-ads.com/2011-pepsi-max-love-hurts/,https://www.youtube.com/watch?v=r4eyQBvcBUA
2018,E-Trade,TRUE,TRUE,FALSE,FALSE,FALSE,34440,178,11,https://superbowl-ads.com/etrade-commercial-this-is-getting-old/,https://www.youtube.com/watch?v=Qx5-AZlfjp4
2008,Coca-Cola,TRUE,FALSE,TRUE,TRUE,TRUE,62538,217,4,https://superbowl-ads.com/2008-coca-cola-its-mine/,https://www.youtube.com/watch?v=-ACk9mRky5k
2013,Kia,TRUE,FALSE,FALSE,TRUE,FALSE,28847,154,10,https://superbowl-ads.com/video-kia-forte-2013-super-bowl-xlvii-commercial-hot-bots/,https://www.youtube.com/watch?v=yhPBzlB6VJI
2014,Coca-Cola,FALSE,TRUE,FALSE,FALSE,TRUE,92878,450,88,https://superbowl-ads.com/2014-coca-cola-its-beautiful/,https://www.youtube.com/watch?v=D4BC8zUfNhU
2012,Budweiser,FALSE,TRUE,FALSE,FALSE,TRUE,10,0,0,https://superbowl-ads.com/2012-budweiser-return-of-the-king/,https://www.youtube.com/watch?v=TieDNumMwOc
2004,Bud Light,TRUE,FALSE,FALSE,TRUE,TRUE,5699,27,1,https://superbowl-ads.com/2004-bud-light-fergus/,https://www.youtube.com/watch?v=j7QA9oHpduk
2007,Bud Light,TRUE,FALSE,TRUE,FALSE,FALSE,955616,1301,134,https://superbowl-ads.com/2007-bud-light-class-with-carlos-mencia/,https://www.youtube.com/watch?v=670X2MCWzK0
2007,Budweiser,FALSE,FALSE,TRUE,FALSE,FALSE,186,0,0,https://superbowl-ads.com/2007-budweiser-don-shula-vs-jayz/,https://www.youtube.com/watch?v=YnGpb8lbPOI
2019,Kia,FALSE,TRUE,FALSE,FALSE,FALSE,518,2,1,https://superbowl-ads.com/2019-kia-the-great-unknowns-what-if/,https://www.youtube.com/watch?v=nONhop0Kq-E
2003,Bud Light,TRUE,FALSE,FALSE,FALSE,FALSE,175482,268,15,https://superbowl-ads.com/2003-bud-light-mother-in-law/,https://www.youtube.com/watch?v=RuIXFuwLb2s
2018,Toyota,TRUE,TRUE,FALSE,FALSE,FALSE,353513,1448,222,https://superbowl-ads.com/toyota-2018-big-game-ad-one-team/,https://www.youtube.com/watch?v=QwF3ipuNyfc
2003,Budweiser,TRUE,FALSE,FALSE,FALSE,TRUE,2732,8,0,https://superbowl-ads.com/2003-budweiser-instant-replay/,https://www.youtube.com/watch?v=hM79LTkT7ek
2013,Budweiser,FALSE,FALSE,FALSE,FALSE,TRUE,246619,2225,64,https://superbowl-ads.com/video-budweiser-2013-super-bowl-xlvii-ad-the-clydesdales-brotherhood/,https://www.youtube.com/watch?v=eJucRz8kYo0
2010,Budweiser,TRUE,TRUE,FALSE,FALSE,TRUE,42,1,0,https://superbowl-ads.com/hd-exclusive-budweiser-body-bridge-2010-super-bowl-44-xliv-commercial-ad/,https://www.youtube.com/watch?v=IQHlA9qKJv4
2003,Bud Light,TRUE,FALSE,FALSE,FALSE,TRUE,16083,60,3,https://superbowl-ads.com/2003-bud-light-no-pets-allowed/,https://www.youtube.com/watch?v=BKexURCYxtk
2002,E-Trade,TRUE,FALSE,FALSE,FALSE,TRUE,1361,9,0,https://superbowl-ads.com/2002-etrade-monkey-musical/,https://www.youtube.com/watch?v=SK1i1iyE7RA
2006,Budweiser,TRUE,FALSE,FALSE,TRUE,FALSE,120196,167,15,https://superbowl-ads.com/2006-budweiser-on-the-roof/,https://www.youtube.com/watch?v=q05QIp5qbnY
2012,Coca-Cola,FALSE,FALSE,FALSE,TRUE,TRUE,22849816,92333,42386,https://superbowl-ads.com/2012-coca-cola-catch-ne-bear/,https://www.youtube.com/watch?v=S2nBBMbjS8w
2019,Bud Light,TRUE,FALSE,FALSE,FALSE,FALSE,125,2,0,https://superbowl-ads.com/2019-bud-light-trojan-horse-occupants/,https://www.youtube.com/watch?v=nScg3KmA_6k
2007,Toyota,FALSE,FALSE,FALSE,FALSE,FALSE,286010,221,62,https://superbowl-ads.com/2007-toyota-tundra-see-saw/,https://www.youtube.com/watch?v=D81uh6I-2Q4
2014,Hynudai,TRUE,FALSE,FALSE,TRUE,FALSE,32557,202,7,https://superbowl-ads.com/2014-hyundai-genesis-dads-sixth-sense/,https://www.youtube.com/watch?v=CyK63f0I1P0
2006,Pepsi,TRUE,FALSE,TRUE,TRUE,FALSE,69440,70,7,https://superbowl-ads.com/2006-diet-pepsi-jackie-chan/,https://www.youtube.com/watch?v=sx0i7WgBOvs
2006,Pepsi,TRUE,FALSE,TRUE,FALSE,FALSE,6430,45,0,https://superbowl-ads.com/2006-diet-pepsi-brown-and-bubbly/,https://www.youtube.com/watch?v=d8f-PiELHls
2015,Pepsi,FALSE,FALSE,FALSE,FALSE,TRUE,998,3,0,https://superbowl-ads.com/pepsi-2015-super-bowl-xlix-ad-halftime-touches-down/,https://www.youtube.com/watch?v=IUU_ygKs3jA
2012,Bud Light,FALSE,FALSE,FALSE,FALSE,FALSE,21314,29,5,https://superbowl-ads.com/2012-bud-light-platinum-factory/,https://www.youtube.com/watch?v=3LPLXuHlOCI
2009,Doritos,TRUE,FALSE,FALSE,TRUE,FALSE,20130,46,6,https://superbowl-ads.com/2009-doritos-crystal-ball/,https://www.youtube.com/watch?v=Fdz0Q0GiEcc
2006,Budweiser,TRUE,FALSE,FALSE,FALSE,TRUE,746836,2179,78,https://superbowl-ads.com/2006-budweiser-streaker/,https://www.youtube.com/watch?v=Zb3fhsfs6ZU
2014,Bud Light,FALSE,FALSE,FALSE,FALSE,FALSE,9649,32,2,https://superbowl-ads.com/2014-bud-light-cool-twist/,https://www.youtube.com/watch?v=_l1nWWiut0I
2005,Pepsi,TRUE,FALSE,TRUE,FALSE,FALSE,43983,93,5,https://superbowl-ads.com/2005-diet-pepsi-pdiddy/,https://www.youtube.com/watch?v=eXfNnSOOoVc
2005,Bud Light,TRUE,FALSE,TRUE,FALSE,TRUE,3183,4,0,https://superbowl-ads.com/2005-bud-light-cedric-stranded/,https://www.youtube.com/watch?v=Q5Hu_FBUIsk
2005,Bud Light,TRUE,FALSE,TRUE,FALSE,TRUE,3183,4,0,https://superbowl-ads.com/2005-bud-light-cedric-stranded/,https://www.youtube.com/watch?v=Q5Hu_FBUIsk
2005,Bud Light,TRUE,FALSE,TRUE,FALSE,TRUE,3183,4,0,https://superbowl-ads.com/2005-bud-light-cedric-stranded/,https://www.youtube.com/watch?v=Q5Hu_FBUIsk
2005,Bud Light,TRUE,FALSE,TRUE,FALSE,TRUE,3183,4,0,https://superbowl-ads.com/2005-bud-light-cedric-stranded/,https://www.youtube.com/watch?v=Q5Hu_FBUIsk
2007,Bud Light,TRUE,FALSE,FALSE,FALSE,TRUE,162,0,0,https://superbowl-ads.com/2007-bud-light-apes-plan/,https://www.youtube.com/watch?v=osn2rzClKh0
2005,Pepsi,TRUE,FALSE,TRUE,FALSE,FALSE,293,3,0,https://superbowl-ads.com/2005-diet-pepsi-hot-guy/,https://www.youtube.com/watch?v=bHY2miRSwh4
2015,Budweiser,FALSE,TRUE,FALSE,TRUE,TRUE,491630,2327,37,https://superbowl-ads.com/2015-budweiser-lost-dog/,https://www.youtube.com/watch?v=otCxSnu_HXA
2019,Bud Light,TRUE,FALSE,FALSE,TRUE,TRUE,7658201,94799,12789,https://superbowl-ads.com/2019-bud-light-game-of-thrones-joust/,https://www.youtube.com/watch?v=8fhOItB0zUM
2004,Bud Light,TRUE,FALSE,TRUE,FALSE,FALSE,39730,37,1,https://superbowl-ads.com/2004-bud-light-cedric-gets-massage/,https://www.youtube.com/watch?v=gWqR28uRxXw
2003,Budweiser,TRUE,FALSE,FALSE,FALSE,FALSE,21813,10,0,https://superbowl-ads.com/2003-budweiser-roommate/,https://www.youtube.com/watch?v=R67qcUIbFhs
2009,E-Trade,TRUE,FALSE,FALSE,FALSE,FALSE,358142,763,24,https://superbowl-ads.com/2009-etrade-talking-baby/,https://www.youtube.com/watch?v=PlqWRADszb0
2013,Pepsi,TRUE,FALSE,FALSE,FALSE,FALSE,987,2,0,https://superbowl-ads.com/video-2013-pepsi-next-super-bowl-xlvii-commercial-party/,https://www.youtube.com/watch?v=WAySopBmbtI
2004,Budweiser,TRUE,FALSE,TRUE,FALSE,TRUE,88458,351,6,https://superbowl-ads.com/2004-budweiser-lipstick/,https://www.youtube.com/watch?v=zM4rU4jit5k
2009,Hynudai,FALSE,FALSE,FALSE,FALSE,FALSE,7253,6,1,https://superbowl-ads.com/2009-hyundai-assurance-contract/,https://www.youtube.com/watch?v=lzQ2NeqjYS0
2014,Budweiser,FALSE,TRUE,FALSE,FALSE,TRUE,81183,232,38,https://superbowl-ads.com/2014-budweiser-puppy-love/,https://www.youtube.com/watch?v=gUGGepL5gGU
2015,Coca-Cola,FALSE,FALSE,FALSE,FALSE,FALSE,48617,331,18,https://superbowl-ads.com/2015-coca-cola-make-it-happy/,https://www.youtube.com/watch?v=1AeG8tCzTGw
2003,NFL,FALSE,FALSE,TRUE,FALSE,FALSE,18670,42,1,https://superbowl-ads.com/2003-nfl-crazy-with-don-cheadle/,https://www.youtube.com/watch?v=Bs0Iwwl-5Lk
2012,Doritos,TRUE,FALSE,FALSE,FALSE,FALSE,176373378,275362,92990,https://superbowl-ads.com/2012-doritos-sling-baby/,https://www.youtube.com/watch?v=6SWNLDdnz0A
2002,Pepsi,FALSE,FALSE,TRUE,FALSE,FALSE,385777,5929,73,https://superbowl-ads.com/2002-pepsi-generations-with-britney-spears/,https://www.youtube.com/watch?v=TG4giyL-4Sk
2002,Bud Light,TRUE,FALSE,TRUE,TRUE,FALSE,4641,19,0,https://superbowl-ads.com/2002-bud-light-cedric-advice/,https://www.youtube.com/watch?v=OfLLLnAngZI
2000,Budweiser,TRUE,FALSE,FALSE,FALSE,FALSE,3624622,24840,521,https://superbowl-ads.com/2000-budweiser-whaasup/,https://www.youtube.com/watch?v=JJmqCKtJnxM
2001,Bud Light,TRUE,FALSE,TRUE,FALSE,FALSE,998,3,0,https://superbowl-ads.com/2001-bud-light-cedric-the-entertainer/,https://www.youtube.com/watch?v=h-HHbtwX5vY
2013,Hynudai,FALSE,FALSE,FALSE,FALSE,FALSE,1190,5,0,https://superbowl-ads.com/video-2013-hyundai-genesis-super-bowl-xlvii-commercial/,https://www.youtube.com/watch?v=mOatp4Xi7IU
2015,Toyota,FALSE,TRUE,FALSE,FALSE,FALSE,32091,266,6,https://superbowl-ads.com/toyota-camry-2015-super-bowl-xlix-ad-my-bold-dad/,https://www.youtube.com/watch?v=9u4--TxE2gI
2000,Budweiser,TRUE,FALSE,FALSE,TRUE,TRUE,111442,163,5,https://superbowl-ads.com/2000-budweiser-rex/,https://www.youtube.com/watch?v=GgXsLHifz9k
2001,Doritos,TRUE,FALSE,TRUE,FALSE,FALSE,2985,15,0,https://superbowl-ads.com/2001-doritos-ali-landry/,https://www.youtube.com/watch?v=xbrvsJZSxok
2016,Doritos,TRUE,FALSE,FALSE,FALSE,TRUE,1214968,2534,60,https://superbowl-ads.com/doritos-2016-super-bowl-50-ad-doritos-dogs/,https://www.youtube.com/watch?v=MNRAdrB9TSs
2008,Bud Light,TRUE,FALSE,FALSE,FALSE,FALSE,9335,12,1,https://superbowl-ads.com/2008-bud-light-ability-to-fly/,https://www.youtube.com/watch?v=-axbiEJiRGw
2007,Doritos,TRUE,FALSE,FALSE,FALSE,FALSE,292010,244,74,https://superbowl-ads.com/2007-doritos-check-out-girl/,https://www.youtube.com/watch?v=nIcFZzdXSrU
2001,Pepsi,TRUE,TRUE,TRUE,FALSE,TRUE,12106,10,1,https://superbowl-ads.com/2001-pepsi-bob-dole/,https://www.youtube.com/watch?v=6h7wifUL8mk
2012,Budweiser,FALSE,TRUE,FALSE,FALSE,TRUE,220292,572,100,https://superbowl-ads.com/2012-budweiser-eternal-optimism/,https://www.youtube.com/watch?v=_GeiOdHsW_8
2001,Pepsi,TRUE,FALSE,TRUE,TRUE,FALSE,1475,14,0,https://superbowl-ads.com/2001-pepsi-kasparov-vs-pepsi-machine/,https://www.youtube.com/watch?v=pldGc0Cpf84
2001,E-Trade,TRUE,FALSE,FALSE,TRUE,FALSE,6513,12,4,https://superbowl-ads.com/2001-etrade-security-guard/,https://www.youtube.com/watch?v=39BL7iqe6pQ
2001,Budweiser,FALSE,FALSE,TRUE,FALSE,FALSE,77142,334,4,https://superbowl-ads.com/2001-budweiser-nsync/,https://www.youtube.com/watch?v=H9YdunAo3Ug
